PkMn	BaseStamina	BaseAttack	BaseDefense	Type1	Type2	BaseCaptureRate	BaseFleeRate	CollisionRadiusM	CollisionHeightM	CollisionHeadRadiusM	MovementType	MovementTimerS	JumpTimeS	AttackTimerS	QuickMoves	CinematicMoves	AnimTime	Evolution	EvolutionPips	PokemonClass	PokedexHeightM	PokedexWeightKg	HeightStdDev	WeightStdDev	FamilyId	CandyToEvolve
1	90	126	126	HoloPokemonType.POKEMON_TYPE_GRASS	HoloPokemonType.POKEMON_TYPE_POISON	0.1599999964237213	0.10000000149011612	0.3815000057220459	0.6539999842643738	0.27250000834465027	HoloPokemonMovementType.POKEMON_ENC_MOVEMENT_JUMP	10.0	1.149999976158142	29.0	d601dd01	5a3b76	6d56d53fdaac2a3f6d56d53f93a9ea3f0000000036ab0a403333b33fbfbbbb3f	02	HoloPokemonClass.POKEMON_CLASS_NORMAL	1	0.699999988079071	6.900000095367432	0.08749999850988388	0.862500011920929	HoloPokemonFamilyId.V0001_FAMILY_BULBASAUR	25
2	120	156	158	HoloPokemonType.POKEMON_TYPE_GRASS	HoloPokemonType.POKEMON_TYPE_POISON	0.07999999821186066	0.07000000029802322	0.3187499940395355	0.637499988079071	0.2549999952316284	HoloPokemonMovementType.POKEMON_ENC_MOVEMENT_JUMP	23.0	1.5	8.0	d701d601	5a7476	36ab2a40daac2a3f6d56d53f36ab0a4000000000000000406d56d53fdbdddd3f	03	HoloPokemonClass.POKEMON_CLASS_NORMAL	1	1.0	13.0	0.125	1.625	HoloPokemonFamilyId.V0001_FAMILY_BULBASAUR	100
3	160	198	200	HoloPokemonType.POKEMON_TYPE_GRASS	HoloPokemonType.POKEMON_TYPE_POISON	0.03999999910593033	0.05000000074505806	0.7590000033378601	1.034999966621399	0.37950000166893005	HoloPokemonMovementType.POKEMON_ENC_MOVEMENT_JUMP	11.0	1.25	4.0	d701d601	5a2f74	6ade1d40daac2a3f6d56d53f93a9ea3f00000000fd8708400000004046440440		HoloPokemonClass.POKEMON_CLASS_NORMAL	1	2.0	100.0	0.25	12.5	HoloPokemonFamilyId.V0001_FAMILY_BULBASAUR	0
4	78	128	108	HoloPokemonType.POKEMON_TYPE_FIRE	HoloPokemonType.POKEMON_TYPE_NONE	0.1599999964237213	0.10000000149011612	0.15625	0.46875	0.15625	HoloPokemonMovementType.POKEMON_ENC_MOVEMENT_JUMP	29.0	1.25	10.0	d101dc01	656618	fd870840daac2a3f6d56d53f93a9ea3f00000000fd8708406d56953fa8aaaa3f	05	HoloPokemonClass.POKEMON_CLASS_NORMAL	1	0.6000000238418579	8.5	0.07500000298023224	1.0625	HoloPokemonFamilyId.V0004_FAMILY_CHARMANDER	25
5	116	160	140	HoloPokemonType.POKEMON_TYPE_FIRE	HoloPokemonType.POKEMON_TYPE_NONE	0.07999999821186066	0.07000000029802322	0.2574999928474426	0.7724999785423279	0.2317499965429306	HoloPokemonMovementType.POKEMON_ENC_MOVEMENT_JUMP	23.0	1.0	8.0	d101dc01	736618	07f0ee3fdaac2a3f93a9ea3f0000c03f5655d540ca5415400000004025222240	06	HoloPokemonClass.POKEMON_CLASS_NORMAL	1	1.100000023841858	19.0	0.13750000298023224	2.375	HoloPokemonFamilyId.V0004_FAMILY_CHARMANDER	100
6	156	212	182	HoloPokemonType.POKEMON_TYPE_FIRE	HoloPokemonType.POKEMON_TYPE_FLYING	0.03999999910593033	0.05000000074505806	0.4050000011920929	1.0125000476837158	0.20250000059604645	HoloPokemonMovementType.POKEMON_ENC_MOVEMENT_FLYING	11.0	1.0	4.0	d101d201	675318	cdcc0c40daac2a3f6d56d53f0de05d3f5655d54000000040cdcccc3f00000040		HoloPokemonClass.POKEMON_CLASS_NORMAL	1	1.7000000476837158	90.5	0.21250000596046448	11.3125	HoloPokemonFamilyId.V0004_FAMILY_CHARMANDER	0
7	88	112	142	HoloPokemonType.POKEMON_TYPE_WATER	HoloPokemonType.POKEMON_TYPE_NONE	0.1599999964237213	0.10000000149011612	0.22949999570846558	0.3824999928474426	0.1912499964237213	HoloPokemonMovementType.POKEMON_ENC_MOVEMENT_JUMP	10.0	1.0	29.0	ed01dd01	393a69	c6dcdd3fdaac2a3f6d56d53f0000c03f0000000036ab0a400000803fa8aaaa3f	08	HoloPokemonClass.POKEMON_CLASS_NORMAL	1	0.5	9.0	0.0625	1.125	HoloPokemonFamilyId.V0007_FAMILY_SQUIRTLE	25
8	118	144	176	HoloPokemonType.POKEMON_TYPE_WATER	HoloPokemonType.POKEMON_TYPE_NONE	0.07999999821186066	0.07000000029802322	0.25	0.625	0.1875	HoloPokemonMovementType.POKEMON_ENC_MOVEMENT_JUMP	23.0	1.25	8.0	e601ca01	39276b	00000040daac2a3f6d56d53f93a9ea3f000000006666e63fa089883f0e11913f	09	HoloPokemonClass.POKEMON_CLASS_NORMAL	1	1.0	22.5	0.125	2.8125	HoloPokemonFamilyId.V0007_FAMILY_SQUIRTLE	100
9	158	186	222	HoloPokemonType.POKEMON_TYPE_WATER	HoloPokemonType.POKEMON_TYPE_NONE	0.03999999910593033	0.05000000074505806	0.5640000104904175	1.1749999523162842	0.28200000524520874	HoloPokemonMovementType.POKEMON_ENC_MOVEMENT_JUMP	14.0	1.25	5.0	e601ca01	24276b	fd870840daac2a3f6d56d53f93a9ea3f000000000000004036ab2a40a8aaaa3f		HoloPokemonClass.POKEMON_CLASS_NORMAL	1	1.600000023841858	85.5	0.20000000298023224	10.6875	HoloPokemonFamilyId.V0007_FAMILY_SQUIRTLE	0
10	90	62	66	HoloPokemonType.POKEMON_TYPE_BUG	HoloPokemonType.POKEMON_TYPE_NONE	0.4000000059604645	0.20000000298023224	0.10199999809265137	0.3059999942779541	0.15299999713897705	HoloPokemonMovementType.POKEMON_ENC_MOVEMENT_JUMP	10.0	0.0	29.0	c901dd01	8501	00000000daac2a3f6d56d53f6d56d53f0000000093a9ea3f6d56d53f00000000	0b	HoloPokemonClass.POKEMON_CLASS_NORMAL	1	0.30000001192092896	2.9000000953674316	0.03750000149011612	0.36250001192092896	HoloPokemonFamilyId.V0010_FAMILY_CATERPIE	12
11	100	56	86	HoloPokemonType.POKEMON_TYPE_BUG	HoloPokemonType.POKEMON_TYPE_NONE	0.20000000298023224	0.09000000357627869	0.11699999868869781	0.6434999704360962	0.17550000548362732	HoloPokemonMovementType.POKEMON_ENC_MOVEMENT_JUMP	3600.0	1.0	3600.0	c901dd01	8501	93a9aa3fdaac2a3f93a9ea3f6d56d53f00000000a089c83f0000004000000000	0c	HoloPokemonClass.POKEMON_CLASS_NORMAL	1	0.699999988079071	9.899999618530273	0.08749999850988388	1.2374999523162842	HoloPokemonFamilyId.V0010_FAMILY_CATERPIE	50
12	120	144	144	HoloPokemonType.POKEMON_TYPE_BUG	HoloPokemonType.POKEMON_TYPE_FLYING	0.10000000149011612	0.05999999865889549	0.1665000021457672	0.5550000071525574	0.17759999632835388	HoloPokemonMovementType.POKEMON_ENC_MOVEMENT_FLYING	6.0	1.0	17.0	c901eb01	316c63	00000040daac2a3fc6dcdd3fdaac2a3f000000006ade1d40fd87084000000000		HoloPokemonClass.POKEMON_CLASS_NORMAL	1	1.100000023841858	32.0	0.13750000298023224	4.0	HoloPokemonFamilyId.V0010_FAMILY_CATERPIE	0
13	80	68	64	HoloPokemonType.POKEMON_TYPE_BUG	HoloPokemonType.POKEMON_TYPE_POISON	0.4000000059604645	0.20000000298023224	0.10450000315904617	0.20900000631809235	0.15674999356269836	HoloPokemonMovementType.POKEMON_ENC_MOVEMENT_JUMP	10.0	1.25	29.0	c901ec01	8501	00000000daac2a3f6d56d53f93a9ea3f000000006d56d53f0000004000000000	0e	HoloPokemonClass.POKEMON_CLASS_NORMAL	1	0.30000001192092896	3.200000047683716	0.03750000149011612	0.4000000059604645	HoloPokemonFamilyId.V0013_FAMILY_WEEDLE	12
14	90	62	82	HoloPokemonType.POKEMON_TYPE_BUG	HoloPokemonType.POKEMON_TYPE_POISON	0.20000000298023224	0.09000000357627869	0.25	0.75	0.125	HoloPokemonMovementType.POKEMON_ENC_MOVEMENT_JUMP	3600.0	0.0	3600.0	c901ec01	8501	00000000daac2a3f000000006d56d53f00000000000000400000204000000000	0f	HoloPokemonClass.POKEMON_CLASS_NORMAL	1	0.6000000238418579	10.0	0.07500000298023224	1.25	HoloPokemonFamilyId.V0013_FAMILY_WEEDLE	50
15	130	144	130	HoloPokemonType.POKEMON_TYPE_BUG	HoloPokemonType.POKEMON_TYPE_POISON	0.10000000149011612	0.05999999865889549	0.30799999833106995	0.5774999856948853	0.23100000619888306	HoloPokemonMovementType.POKEMON_ENC_MOVEMENT_ELECTRIC	6.0	1.0	17.0	c901e001	5a2d64	6d56d53fdaac2a3f6d56d53fdaac2a3fcdcc4c3e6666e63f93a9aa3f00000000		HoloPokemonClass.POKEMON_CLASS_NORMAL	1	1.0	29.5	0.125	3.6875	HoloPokemonFamilyId.V0013_FAMILY_WEEDLE	0
16	80	94	90	HoloPokemonType.POKEMON_TYPE_NORMAL	HoloPokemonType.POKEMON_TYPE_FLYING	0.4000000059604645	0.20000000298023224	0.13439999520778656	0.25200000405311584	0.12600000202655792	HoloPokemonMovementType.POKEMON_ENC_MOVEMENT_JUMP	10.0	1.399999976158142	29.0	db01dd01	502d79	6d56d53fdaac2a3f6d56d53f93a9ea3f0000000093a9ea3fcdcc4c3fa8aaaa3f	11	HoloPokemonClass.POKEMON_CLASS_NORMAL	1	0.30000001192092896	1.7999999523162842	0.03750000149011612	0.22499999403953552	HoloPokemonFamilyId.V0016_FAMILY_PIDGEY	12
17	126	126	122	HoloPokemonType.POKEMON_TYPE_NORMAL	HoloPokemonType.POKEMON_TYPE_FLYING	0.20000000298023224	0.09000000357627869	0.3160000145435333	0.6912500262260437	0.2370000034570694	HoloPokemonMovementType.POKEMON_ENC_MOVEMENT_FLYING	10.0	1.0	29.0	d201ef01	502d79	36ab2a40daac2a3f00000040cdcc4c3f0000000000000040daac2a3f00000000	12	HoloPokemonClass.POKEMON_CLASS_NORMAL	1	1.100000023841858	30.0	0.13750000298023224	3.75	HoloPokemonFamilyId.V0016_FAMILY_PIDGEY	50
18	166	170	166	HoloPokemonType.POKEMON_TYPE_NORMAL	HoloPokemonType.POKEMON_TYPE_FLYING	0.10000000149011612	0.05999999865889549	0.36000001430511475	1.0080000162124634	0.2160000056028366	HoloPokemonMovementType.POKEMON_ENC_MOVEMENT_FLYING	6.0	1.0	17.0	d201ef01	7a2d79	d0440440daac2a3f6d56d53fdaac2a3f00000000000000406666e63f00000000		HoloPokemonClass.POKEMON_CLASS_NORMAL	1	1.5	39.5	0.1875	4.9375	HoloPokemonFamilyId.V0016_FAMILY_PIDGEY	0
19	60	92	86	HoloPokemonType.POKEMON_TYPE_NORMAL	HoloPokemonType.POKEMON_TYPE_NONE	0.4000000059604645	0.20000000298023224	0.1889999955892563	0.25200000405311584	0.12600000202655792	HoloPokemonMovementType.POKEMON_ENC_MOVEMENT_JUMP	10.0	0.8999999761581421	29.0	dd01db01	1a81018301	3333f33fdaac2a3f6666e63f3a23e23f000000009a9919400de05d3f00000000	14	HoloPokemonClass.POKEMON_CLASS_NORMAL	1	0.30000001192092896	3.5	0.03750000149011612	0.4375	HoloPokemonFamilyId.V0019_FAMILY_RATTATA	25
20	110	146	150	HoloPokemonType.POKEMON_TYPE_NORMAL	HoloPokemonType.POKEMON_TYPE_NONE	0.1599999964237213	0.07000000029802322	0.29249998927116394	0.5849999785423279	0.2632499933242798	HoloPokemonMovementType.POKEMON_ENC_MOVEMENT_JUMP	23.0	1.0	8.0	ca01db01	1a81010e	6d56d53fdaac2a3fc6dcdd3f6d56d53f0000000000000040d044044000000000		HoloPokemonClass.POKEMON_CLASS_NORMAL	1	0.699999988079071	18.5	0.08749999850988388	2.3125	HoloPokemonFamilyId.V0019_FAMILY_RATTATA	0
21	80	102	78	HoloPokemonType.POKEMON_TYPE_NORMAL	HoloPokemonType.POKEMON_TYPE_FLYING	0.4000000059604645	0.15000000596046448	0.14800000190734863	0.266400009393692	0.14800000190734863	HoloPokemonMovementType.POKEMON_ENC_MOVEMENT_JUMP	10.0	1.25	29.0	d301db01	2d2650	2d43c43fdaac2a3f6d56d53f93a9ea3f00000000ca541540cdcc4c3f00000000	16	HoloPokemonClass.POKEMON_CLASS_NORMAL	1	0.30000001192092896	2.0	0.03750000149011612	0.25	HoloPokemonFamilyId.V0021_FAMILY_SPEAROW	50
22	130	168	146	HoloPokemonType.POKEMON_TYPE_NORMAL	HoloPokemonType.POKEMON_TYPE_FLYING	0.1599999964237213	0.07000000029802322	0.25200000405311584	0.6299999952316284	0.12600000202655792	HoloPokemonMovementType.POKEMON_ENC_MOVEMENT_FLYING	8.0	1.0	23.0	d301ef01	2d2e50	36ab2a40daac2a3f6d56d53f2653553f00000000ca5415406d56d53f00000000		HoloPokemonClass.POKEMON_CLASS_NORMAL	1	1.2000000476837158	38.0	0.15000000596046448	4.75	HoloPokemonFamilyId.V0021_FAMILY_SPEAROW	0
23	70	112	112	HoloPokemonType.POKEMON_TYPE_POISON	HoloPokemonType.POKEMON_TYPE_NONE	0.4000000059604645	0.15000000596046448	0.25949999690055847	0.34599998593330383	0.13840000331401825	HoloPokemonMovementType.POKEMON_ENC_MOVEMENT_JUMP	29.0	1.25	10.0	ec01e101	0d5a5c	c6dcdd3fdaac2a3f6d56d53f93a9ea3f00000000cdcc0c40cdcccc3f00000000	18	HoloPokemonClass.POKEMON_CLASS_NORMAL	1	2.0	6.900000095367432	0.25	0.862500011920929	HoloPokemonFamilyId.V0023_FAMILY_EKANS	50
24	120	166	166	HoloPokemonType.POKEMON_TYPE_POISON	HoloPokemonType.POKEMON_TYPE_NONE	0.1599999964237213	0.07000000029802322	0.4099999964237213	1.3530000448226929	0.164000004529953	HoloPokemonMovementType.POKEMON_ENC_MOVEMENT_JUMP	23.0	1.0	8.0	ca01e101	105b5c	36ab2a40daac2a3f6d56d53f0000c03f0000000036ab2a4036ab2a4000000000		HoloPokemonClass.POKEMON_CLASS_NORMAL	1	3.5	65.0	0.4375	8.125	HoloPokemonFamilyId.V0023_FAMILY_EKANS	0
25	70	124	108	HoloPokemonType.POKEMON_TYPE_ELECTRIC	HoloPokemonType.POKEMON_TYPE_NONE	0.1599999964237213	0.10000000149011612	0.1850000023841858	0.5180000066757202	0.1850000023841858	HoloPokemonMovementType.POKEMON_ENC_MOVEMENT_STATIC	10.0	1.0	29.0	cd01db01	234f4e	93a9ea3fdaac2a3fcdcccc3fa089c83f000000006666e63ff90f913f8b88883f	1a	HoloPokemonClass.POKEMON_CLASS_NORMAL	1	0.4000000059604645	6.0	0.05000000074505806	0.75	HoloPokemonFamilyId.V0025_FAMILY_PIKACHU	50
26	120	200	154	HoloPokemonType.POKEMON_TYPE_ELECTRIC	HoloPokemonType.POKEMON_TYPE_NONE	0.07999999821186066	0.05999999865889549	0.27000001072883606	0.5400000214576721	0.2160000056028366	HoloPokemonMovementType.POKEMON_ENC_MOVEMENT_JUMP	6.0	1.25	17.0	cd01ce01	7b4d4e	63ee0e40daac2a3f00000040000000400000000036ab2a400000803f0e11913f		HoloPokemonClass.POKEMON_CLASS_NORMAL	1	0.800000011920929	30.0	0.10000000149011612	3.75	HoloPokemonFamilyId.V0025_FAMILY_PIKACHU	0
27	100	90	114	HoloPokemonType.POKEMON_TYPE_GROUND	HoloPokemonType.POKEMON_TYPE_NONE	0.4000000059604645	0.10000000149011612	0.257999986410141	0.48374998569488525	0.19349999725818634	HoloPokemonMovementType.POKEMON_ENC_MOVEMENT_JUMP	8.0	1.0	23.0	dc01d801	1a403f	6666e63fdaac2a3fd3bcbb3f6d56d53f0000000036ab2a400000803f00000000	1c	HoloPokemonClass.POKEMON_CLASS_NORMAL	1	0.6000000238418579	12.0	0.07500000298023224	1.5	HoloPokemonFamilyId.V0027_FAMILY_SANDSHREW	50
28	150	150	172	HoloPokemonType.POKEMON_TYPE_GROUND	HoloPokemonType.POKEMON_TYPE_NONE	0.1599999964237213	0.05999999865889549	0.3499999940395355	0.8999999761581421	0.3499999940395355	HoloPokemonMovementType.POKEMON_ENC_MOVEMENT_JUMP	11.0	1.0	4.0	e401d801	1f3f5f	c6dcdd3fdaac2a3f6d56d53f6d56d53f0000000000000040cdcccc3f00000000		HoloPokemonClass.POKEMON_CLASS_NORMAL	1	1.0	29.5	0.125	3.6875	HoloPokemonFamilyId.V0027_FAMILY_SANDSHREW	0
29	110	100	104	HoloPokemonType.POKEMON_TYPE_POISON	HoloPokemonType.POKEMON_TYPE_NONE	0.4000000059604645	0.15000000596046448	0.1850000023841858	0.3700000047683716	0.1850000023841858	HoloPokemonMovementType.POKEMON_ENC_MOVEMENT_JUMP	29.0	1.25	10.0	ca01ec01	3283015a	93a9aa3fdaac2a3f6d56d53f93a9ea3f000000006d56d53ffd87084000000000	1e	HoloPokemonClass.POKEMON_CLASS_NORMAL	1	0.4000000059604645	7.0	0.05000000074505806	0.875	HoloPokemonFamilyId.V0029_FAMILY_NIDORAN	25
30	140	132	136	HoloPokemonType.POKEMON_TYPE_POISON	HoloPokemonType.POKEMON_TYPE_NONE	0.20000000298023224	0.07000000029802322	0.29249998927116394	0.5849999785423279	0.17550000548362732	HoloPokemonMovementType.POKEMON_ENC_MOVEMENT_JUMP	23.0	1.0	8.0	ca01ec01	321a5a	6d56d53fdaac2a3f3a23e23fd3bcbb3f000000000000004093a9aa3f00000000	1f	HoloPokemonClass.POKEMON_CLASS_NORMAL	1	0.800000011920929	20.0	0.10000000149011612	2.5	HoloPokemonFamilyId.V0029_FAMILY_NIDORAN	100
31	180	184	190	HoloPokemonType.POKEMON_TYPE_POISON	HoloPokemonType.POKEMON_TYPE_GROUND	0.10000000149011612	0.05000000074505806	0.45500001311302185	0.7962499856948853	0.22750000655651093	HoloPokemonMovementType.POKEMON_ENC_MOVEMENT_JUMP	14.0	1.0	5.0	e001ca01	1f5b20	93a9ea3fdaac2a3f6d56d53f6d56d53f00000000000000406d56d53f00000000		HoloPokemonClass.POKEMON_CLASS_NORMAL	1	1.2999999523162842	60.0	0.16249999403953552	7.5	HoloPokemonFamilyId.V0029_FAMILY_NIDORAN	0
32	92	110	94	HoloPokemonType.POKEMON_TYPE_POISON	HoloPokemonType.POKEMON_TYPE_NONE	0.4000000059604645	0.15000000596046448	0.25200000405311584	0.3149999976158142	0.1574999988079071	HoloPokemonMovementType.POKEMON_ENC_MOVEMENT_JUMP	29.0	1.0	10.0	d301ec01	7e83015a	93a9ea3fdaac2a3f6d56d53f6d56d53f00000000000000406d56d53f00000000	21	HoloPokemonClass.POKEMON_CLASS_NORMAL	1	0.5	9.0	0.0625	1.125	HoloPokemonFamilyId.V0032_FAMILY_NIDORAN	25
33	122	142	128	HoloPokemonType.POKEMON_TYPE_POISON	HoloPokemonType.POKEMON_TYPE_NONE	0.20000000298023224	0.07000000029802322	0.296999990940094	0.593999981880188	0.2475000023841858	HoloPokemonMovementType.POKEMON_ENC_MOVEMENT_JUMP	23.0	1.0	8.0	e001ec01	7e1a5a	6666e63fdaac2a3f6d56d53fc6dcdd3f000000006d56d53f6d56d53f00000000	22	HoloPokemonClass.POKEMON_CLASS_NORMAL	1	0.8999999761581421	19.5	0.11249999701976776	2.4375	HoloPokemonFamilyId.V0032_FAMILY_NIDORAN	100
34	162	204	170	HoloPokemonType.POKEMON_TYPE_POISON	HoloPokemonType.POKEMON_TYPE_GROUND	0.10000000149011612	0.05000000074505806	0.5480999946594238	0.8700000047683716	0.2740499973297119	HoloPokemonMovementType.POKEMON_ENC_MOVEMENT_JUMP	14.0	1.0	5.0	e001c801	1f5b16	00000040daac2a3f000000400000c03f0000000036ab0a403333b33f00000000		HoloPokemonClass.POKEMON_CLASS_NORMAL	1	1.399999976158142	62.0	0.17499999701976776	7.75	HoloPokemonFamilyId.V0032_FAMILY_NIDORAN	0
35	140	116	124	HoloPokemonType.POKEMON_TYPE_FAIRY	HoloPokemonType.POKEMON_TYPE_NONE	0.23999999463558197	0.10000000149011612	0.3125	0.75	0.22499999403953552	HoloPokemonMovementType.POKEMON_ENC_MOVEMENT_STATIC	8.0	1.25	23.0	de01ea01	54830157	00000040daac2a3f6d56d53f93a9ea3f000000000000004093a9aa3f5855d53f	24	HoloPokemonClass.POKEMON_CLASS_NORMAL	1	0.6000000238418579	7.5	0.07500000298023224	0.9375	HoloPokemonFamilyId.V0035_FAMILY_CLEFAIRY	50
36	190	178	178	HoloPokemonType.POKEMON_TYPE_FAIRY	HoloPokemonType.POKEMON_TYPE_NONE	0.07999999821186066	0.05999999865889549	0.4449999928474426	1.1124999523162842	0.4449999928474426	HoloPokemonMovementType.POKEMON_ENC_MOVEMENT_JUMP	4.0	1.25	11.0	de01ea01	566c57	ca541540daac2a3f6d56d53f93a9ea3f0000000036ab2a4093a9aa3f00000000		HoloPokemonClass.POKEMON_CLASS_NORMAL	1	1.2999999523162842	40.0	0.16249999403953552	5.0	HoloPokemonFamilyId.V0035_FAMILY_CLEFAIRY	0
37	76	106	118	HoloPokemonType.POKEMON_TYPE_FIRE	HoloPokemonType.POKEMON_TYPE_NONE	0.23999999463558197	0.10000000149011612	0.3149999976158142	0.6299999952316284	0.25200000405311584	HoloPokemonMovementType.POKEMON_ENC_MOVEMENT_JUMP	10.0	1.0	29.0	db01d101	83011865	6d56d53fdaac2a3f6d56d53fcdcccc3f000000000000004093a9aa3fcdcc0c40	26	HoloPokemonClass.POKEMON_CLASS_NORMAL	1	0.6000000238418579	9.899999618530273	0.07500000298023224	1.2374999523162842	HoloPokemonFamilyId.V0037_FAMILY_VULPIX	50
38	146	176	194	HoloPokemonType.POKEMON_TYPE_FIRE	HoloPokemonType.POKEMON_TYPE_NONE	0.07999999821186066	0.05999999865889549	0.36000001430511475	0.9599999785423279	0.23999999463558197	HoloPokemonMovementType.POKEMON_ENC_MOVEMENT_JUMP	5.0	1.25	14.0	ee01d101	2a1867	36ab2a40daac2a3f00000040000000400000000036ab0a400000004000000040		HoloPokemonClass.POKEMON_CLASS_NORMAL	1	1.100000023841858	19.899999618530273	0.13750000298023224	2.487499952316284	HoloPokemonFamilyId.V0037_FAMILY_VULPIX	0
39	230	98	54	HoloPokemonType.POKEMON_TYPE_NORMAL	HoloPokemonType.POKEMON_TYPE_FAIRY	0.4000000059604645	0.10000000149011612	0.3199999928474426	0.6399999856948853	0.25600001215934753	HoloPokemonMovementType.POKEMON_ENC_MOVEMENT_STATIC	10.0	3.0	29.0	de01ee01	54830158	36ab2a40daac2a3f6d56d53f36ab6a400000000036ab2a406d56d53f00000040	28	HoloPokemonClass.POKEMON_CLASS_NORMAL	1	0.5	5.5	0.0625	0.6875	HoloPokemonFamilyId.V0039_FAMILY_JIGGLYPUFF	50
40	280	168	108	HoloPokemonType.POKEMON_TYPE_NORMAL	HoloPokemonType.POKEMON_TYPE_FAIRY	0.1599999964237213	0.05999999865889549	0.35600000619888306	0.8899999856948853	0.2224999964237213	HoloPokemonMovementType.POKEMON_ENC_MOVEMENT_JUMP	4.0	1.25	11.0	de01ee01	560e58	6d56d53fdaac2a3ff90fd13f93a9ea3f0000000093a9ea3f0000004000000000		HoloPokemonClass.POKEMON_CLASS_NORMAL	1	1.0	12.0	0.125	1.5	HoloPokemonFamilyId.V0039_FAMILY_JIGGLYPUFF	0
41	80	88	90	HoloPokemonType.POKEMON_TYPE_POISON	HoloPokemonType.POKEMON_TYPE_FLYING	0.4000000059604645	0.20000000298023224	0.05350000038743019	0.05350000038743019	0.16050000488758087	HoloPokemonMovementType.POKEMON_ENC_MOVEMENT_FLYING	10.0	1.0	29.0	db01ca01	32795a	93a9aa3fdaac2a3f93a9aa3fdaac2a3f000000000000c03f93a9aa3f00000000	2a	HoloPokemonClass.POKEMON_CLASS_NORMAL	1	0.800000011920929	7.5	0.10000000149011612	0.9375	HoloPokemonFamilyId.V0041_FAMILY_ZUBAT	50
42	150	164	164	HoloPokemonType.POKEMON_TYPE_POISON	HoloPokemonType.POKEMON_TYPE_FLYING	0.1599999964237213	0.07000000029802322	0.03550000116229057	0.03550000116229057	0.35499998927116394	HoloPokemonMovementType.POKEMON_ENC_MOVEMENT_FLYING	6.0	1.0	17.0	d201ca01	327945	0000c03fdaac2a3f93a9aa3fdaac2a3f00000000000000400000004000000000		HoloPokemonClass.POKEMON_CLASS_NORMAL	1	1.600000023841858	55.0	0.20000000298023224	6.875	HoloPokemonFamilyId.V0041_FAMILY_ZUBAT	0
43	90	134	130	HoloPokemonType.POKEMON_TYPE_GRASS	HoloPokemonType.POKEMON_TYPE_POISON	0.47999998927116394	0.15000000596046448	0.20250000059604645	0.5062500238418579	0.20250000059604645	HoloPokemonMovementType.POKEMON_ENC_MOVEMENT_JUMP	10.0	1.0	29.0	d701e101	3b5a57	d3bcbb3fdaac2a3f6d56d53f6d56d53f00000000000020406d56d53f00000000	2c	HoloPokemonClass.POKEMON_CLASS_NORMAL	1	0.5	5.400000095367432	0.0625	0.675000011920929	HoloPokemonFamilyId.V0043_FAMILY_ODDISH	25
44	120	162	158	HoloPokemonType.POKEMON_TYPE_GRASS	HoloPokemonType.POKEMON_TYPE_POISON	0.23999999463558197	0.07000000029802322	0.4124999940395355	0.880000114440918	0.2475000023841858	HoloPokemonMovementType.POKEMON_ENC_MOVEMENT_JUMP	8.0	1.0	23.0	d701e101	2f5a57	93a9ea3fdaac2a3f6d56d53f6d56d53f000000006d56d53f3a23a23f00000000	2d	HoloPokemonClass.POKEMON_CLASS_NORMAL	1	0.800000011920929	8.600000381469727	0.10000000149011612	1.0750000476837158	HoloPokemonFamilyId.V0043_FAMILY_ODDISH	100
45	150	202	190	HoloPokemonType.POKEMON_TYPE_GRASS	HoloPokemonType.POKEMON_TYPE_POISON	0.11999999731779099	0.05000000074505806	1.0119999647140503	1.1959999799728394	0.5519999861717224	HoloPokemonMovementType.POKEMON_ENC_MOVEMENT_JUMP	11.0	1.0	4.0	d701e101	2f7457	36ab0a40daac2a3f6d56d53f0000c03f0000000036ab0a40a779773f00000000		HoloPokemonClass.POKEMON_CLASS_NORMAL	1	1.2000000476837158	18.600000381469727	0.15000000596046448	2.325000047683716	HoloPokemonFamilyId.V0043_FAMILY_ODDISH	0
46	70	122	120	HoloPokemonType.POKEMON_TYPE_BUG	HoloPokemonType.POKEMON_TYPE_GRASS	0.3199999928474426	0.15000000596046448	0.19200000166893005	0.3199999928474426	0.19200000166893005	HoloPokemonMovementType.POKEMON_ENC_MOVEMENT_JUMP	29.0	1.100000023841858	10.0	dc01c901	59643b	6d56d53fdaac2a3f3a23e23ff90fd13f00000000ca54154093a9aa3f4144c43f	2f	HoloPokemonClass.POKEMON_CLASS_NORMAL	1	0.30000001192092896	5.400000095367432	0.03750000149011612	0.675000011920929	HoloPokemonFamilyId.V0046_FAMILY_PARAS	50
47	120	162	170	HoloPokemonType.POKEMON_TYPE_BUG	HoloPokemonType.POKEMON_TYPE_GRASS	0.1599999964237213	0.07000000029802322	0.4544999897480011	1.0099999904632568	0.5049999952316284	HoloPokemonMovementType.POKEMON_ENC_MOVEMENT_JUMP	17.0	1.25	6.0	c901c801	596474	6d56d53fdaac2a3f6d56d53f93a9ea3f000000006d56d53f0000004000000000		HoloPokemonClass.POKEMON_CLASS_NORMAL	1	1.0	29.5	0.125	3.6875	HoloPokemonFamilyId.V0046_FAMILY_PARAS	0
48	120	108	118	HoloPokemonType.POKEMON_TYPE_BUG	HoloPokemonType.POKEMON_TYPE_POISON	0.4000000059604645	0.15000000596046448	0.35499998927116394	0.7099999785423279	0.26625001430511475	HoloPokemonMovementType.POKEMON_ENC_MOVEMENT_JUMP	10.0	1.25	29.0	c901eb01	321e63	00000040daac2a3f6d56d53f0000004000000000000000400000004000000000	31	HoloPokemonClass.POKEMON_CLASS_NORMAL	1	1.0	30.0	0.125	3.75	HoloPokemonFamilyId.V0048_FAMILY_VENONAT	50
49	140	172	154	HoloPokemonType.POKEMON_TYPE_BUG	HoloPokemonType.POKEMON_TYPE_POISON	0.1599999964237213	0.07000000029802322	0.36000001430511475	0.7200000286102295	0.2879999876022339	HoloPokemonMovementType.POKEMON_ENC_MOVEMENT_FLYING	6.0	1.0	17.0	c901eb01	326c31	000000009a99193f6d56d53f9a99193f00000000fd870840cdcccc3f00000000		HoloPokemonClass.POKEMON_CLASS_NORMAL	1	1.5	12.5	0.1875	1.5625	HoloPokemonFamilyId.V0048_FAMILY_VENONAT	0
50	20	108	86	HoloPokemonType.POKEMON_TYPE_GROUND	HoloPokemonType.POKEMON_TYPE_NONE	0.4000000059604645	0.10000000149011612	0.1599999964237213	0.4000000059604645	0.18000000715255737	HoloPokemonMovementType.POKEMON_ENC_MOVEMENT_STATIC	29.0	0.0	10.0	d801dc01	1a603f	6076b73fdaac2a3f000000400de05d3f0000000036ab0a4093a9aa3fa8aaaa3f	33	HoloPokemonClass.POKEMON_CLASS_NORMAL	1	0.20000000298023224	0.800000011920929	0.02500000037252903	0.10000000149011612	HoloPokemonFamilyId.V0050_FAMILY_DIGLETT	50
51	70	148	140	HoloPokemonType.POKEMON_TYPE_GROUND	HoloPokemonType.POKEMON_TYPE_NONE	0.1599999964237213	0.05999999865889549	0.4480000138282776	0.8399999737739563	0.335999995470047	HoloPokemonMovementType.POKEMON_ENC_MOVEMENT_STATIC	29.0	0.0	10.0	cb01d801	1f6020	c6dcdd3fdaac2a3f6d56d53f6666663f00000000fd8708400000004000000000		HoloPokemonClass.POKEMON_CLASS_NORMAL	1	0.699999988079071	33.29999923706055	0.08749999850988388	4.162499904632568	HoloPokemonFamilyId.V0050_FAMILY_DIGLETT	0
52	80	104	94	HoloPokemonType.POKEMON_TYPE_NORMAL	HoloPokemonType.POKEMON_TYPE_NONE	0.4000000059604645	0.15000000596046448	0.12800000607967377	0.4000000059604645	0.20000000298023224	HoloPokemonMovementType.POKEMON_ENC_MOVEMENT_JUMP	29.0	1.0	10.0	dc01ca01	33108301	00000040daac2a3fc6dcdd3f0000c03f00000000000000403333b33f00000040	35	HoloPokemonClass.POKEMON_CLASS_NORMAL	1	0.4000000059604645	4.199999809265137	0.05000000074505806	0.5249999761581421	HoloPokemonFamilyId.V0052_FAMILY_MEOWTH	50
53	130	156	146	HoloPokemonType.POKEMON_TYPE_NORMAL	HoloPokemonType.POKEMON_TYPE_NONE	0.1599999964237213	0.07000000029802322	0.328000009059906	0.6150000095367432	0.164000004529953	HoloPokemonMovementType.POKEMON_ENC_MOVEMENT_JUMP	8.0	1.25	23.0	dc01ee01	334158	00000040daac2a3f6d56d53f93a9ea3f000000006d56d53f6d56d53f00000000		HoloPokemonClass.POKEMON_CLASS_NORMAL	1	1.0	32.0	0.125	4.0	HoloPokemonFamilyId.V0052_FAMILY_MEOWTH	0
54	100	132	112	HoloPokemonType.POKEMON_TYPE_WATER	HoloPokemonType.POKEMON_TYPE_NONE	0.4000000059604645	0.10000000149011612	0.29100000858306885	0.606249988079071	0.3395000100135803	HoloPokemonMovementType.POKEMON_ENC_MOVEMENT_JUMP	10.0	1.0	29.0	e601ea01	1e3a1c	93a9ea3fdaac2a3f6d56d53f0000c03f00000000666626406d56d53f00000000	37	HoloPokemonClass.POKEMON_CLASS_NORMAL	1	0.800000011920929	19.600000381469727	0.10000000149011612	2.450000047683716	HoloPokemonFamilyId.V0054_FAMILY_PSYDUCK	50
55	160	194	176	HoloPokemonType.POKEMON_TYPE_WATER	HoloPokemonType.POKEMON_TYPE_NONE	0.1599999964237213	0.05999999865889549	0.23250000178813934	0.8137500286102295	0.23250000178813934	HoloPokemonMovementType.POKEMON_ENC_MOVEMENT_JUMP	5.0	1.0	14.0	e601eb01	6c6b27	6d56d53fdaac2a3f6d56d53f6d56d53f00000000000000406d56d53f00000000		HoloPokemonClass.POKEMON_CLASS_NORMAL	1	1.7000000476837158	76.5999984741211	0.21250000596046448	9.574999809265137	HoloPokemonFamilyId.V0054_FAMILY_PSYDUCK	0
56	80	122	96	HoloPokemonType.POKEMON_TYPE_FIGHTING	HoloPokemonType.POKEMON_TYPE_NONE	0.4000000059604645	0.10000000149011612	0.19349999725818634	0.6449999809265137	0.1289999932050705	HoloPokemonMovementType.POKEMON_ENC_MOVEMENT_JUMP	29.0	1.0	10.0	d001dc01	1c387b	0000c03f9a99193f93a9aa3ff90fd13f00000000d3bcfb3fc0ec6e3f00000000	39	HoloPokemonClass.POKEMON_CLASS_NORMAL	1	0.5	28.0	0.0625	3.5	HoloPokemonFamilyId.V0056_FAMILY_MANKEY	50
57	130	178	150	HoloPokemonType.POKEMON_TYPE_FIGHTING	HoloPokemonType.POKEMON_TYPE_NONE	0.1599999964237213	0.05999999865889549	0.46000000834465027	1.1039999723434448	0.23000000417232513	HoloPokemonMovementType.POKEMON_ENC_MOVEMENT_JUMP	17.0	1.0	6.0	cf01d001	1c3833	93a9aa3fdaac2a3f0000c03f93a9aa3f000000006d56d53f93a9aa3f00000000		HoloPokemonClass.POKEMON_CLASS_NORMAL	1	1.0	32.0	0.125	4.0	HoloPokemonFamilyId.V0056_FAMILY_MANKEY	0
58	110	156	110	HoloPokemonType.POKEMON_TYPE_FIRE	HoloPokemonType.POKEMON_TYPE_NONE	0.23999999463558197	0.10000000149011612	0.23399999737739563	0.5849999785423279	0.17550000548362732	HoloPokemonMovementType.POKEMON_ENC_MOVEMENT_JUMP	10.0	1.0	29.0	d101ca01	15830118	96210240daac2a3f6666e63f0000c03f000000009d111140cdcc4c3f6666e63f	3b	HoloPokemonClass.POKEMON_CLASS_NORMAL	1	0.699999988079071	19.0	0.08749999850988388	2.375	HoloPokemonFamilyId.V0058_FAMILY_GROWLITHE	50
59	180	230	180	HoloPokemonType.POKEMON_TYPE_FIRE	HoloPokemonType.POKEMON_TYPE_NONE	0.07999999821186066	0.05999999865889549	0.3700000047683716	0.7400000095367432	0.3330000042915344	HoloPokemonMovementType.POKEMON_ENC_MOVEMENT_JUMP	4.0	1.25	11.0	f001ca01	67185f	fd870840daac2a3fc6dcdd3f93a9ea3f0000000007f0ee3fc6dcdd3f00000040		HoloPokemonClass.POKEMON_CLASS_NORMAL	1	1.899999976158142	155.0	0.23749999701976776	19.375	HoloPokemonFamilyId.V0058_FAMILY_GROWLITHE	0
60	80	108	98	HoloPokemonType.POKEMON_TYPE_WATER	HoloPokemonType.POKEMON_TYPE_NONE	0.4000000059604645	0.15000000596046448	0.3125	0.75	0.3125	HoloPokemonMovementType.POKEMON_ENC_MOVEMENT_JUMP	10.0	1.0	29.0	ed01d801	35608301	6d56d53fdaac2a3f000000400000c03f000000006d56d53f0000c03f00000000	3d	HoloPokemonClass.POKEMON_CLASS_NORMAL	1	0.6000000238418579	12.399999618530273	0.07500000298023224	1.5499999523162842	HoloPokemonFamilyId.V0060_FAMILY_POLIWAG	25
61	130	132	132	HoloPokemonType.POKEMON_TYPE_WATER	HoloPokemonType.POKEMON_TYPE_NONE	0.20000000298023224	0.07000000029802322	0.49000000953674316	0.8820000290870667	0.3675000071525574	HoloPokemonMovementType.POKEMON_ENC_MOVEMENT_JUMP	8.0	0.800000011920929	23.0	ed01d801	6a6035	93a9aa3fdaac2a3f36ab0a400000c03f000000000000004093a9aa3f00000000	3e	HoloPokemonClass.POKEMON_CLASS_NORMAL	1	1.0	20.0	0.125	2.5	HoloPokemonFamilyId.V0060_FAMILY_POLIWAG	100
62	180	180	202	HoloPokemonType.POKEMON_TYPE_WATER	HoloPokemonType.POKEMON_TYPE_FIGHTING	0.10000000149011612	0.05000000074505806	0.6449999809265137	1.1180000305175781	0.3440000116825104	HoloPokemonMovementType.POKEMON_ENC_MOVEMENT_JUMP	11.0	1.0499999523162842	4.0	ed01d801	6b3621	00000040daac2a3f6d56d53f6d56d53f0000000000000040c6dc9d3f00000000		HoloPokemonClass.POKEMON_CLASS_NORMAL	1	1.2999999523162842	54.0	0.16249999403953552	6.75	HoloPokemonFamilyId.V0060_FAMILY_POLIWAG	0
63	50	110	76	HoloPokemonType.POKEMON_TYPE_PSYCHIC	HoloPokemonType.POKEMON_TYPE_NONE	0.4000000059604645	0.9900000095367432	0.2800000011920929	0.5600000023841858	0.2800000011920929	HoloPokemonMovementType.POKEMON_ENC_MOVEMENT_PSYCHIC	29.0	1.0	10.0	ea01	3c6346	00000000daac2a3f6d56d53fdaac2a3f0000000036ab0a4036ab2a4000000000	40	HoloPokemonClass.POKEMON_CLASS_NORMAL	1	0.8999999761581421	19.5	0.11249999701976776	2.4375	HoloPokemonFamilyId.V0063_FAMILY_ABRA	25
64	80	150	112	HoloPokemonType.POKEMON_TYPE_PSYCHIC	HoloPokemonType.POKEMON_TYPE_NONE	0.20000000298023224	0.07000000029802322	0.4449999928474426	0.8899999856948853	0.33375000953674316	HoloPokemonMovementType.POKEMON_ENC_MOVEMENT_JUMP	6.0	1.25	17.0	e201eb01	1e5646	c6dcdd3fdaac2a3f6d56d53f07f0ee3f0000000066660640c6dcdd3f00000000	41	HoloPokemonClass.POKEMON_CLASS_NORMAL	1	1.2999999523162842	56.5	0.16249999403953552	7.0625	HoloPokemonFamilyId.V0063_FAMILY_ABRA	100
65	110	186	152	HoloPokemonType.POKEMON_TYPE_PSYCHIC	HoloPokemonType.POKEMON_TYPE_NONE	0.10000000149011612	0.05000000074505806	0.42500001192092896	0.9350001215934753	0.2549999952316284	HoloPokemonMovementType.POKEMON_ENC_MOVEMENT_JUMP	4.0	1.0	11.0	e201eb01	6c5646	00000040daac2a3f6d56d53f0000c03f00000000ca5415400000204000000040		HoloPokemonClass.POKEMON_CLASS_NORMAL	1	1.5	48.0	0.1875	6.0	HoloPokemonFamilyId.V0063_FAMILY_ABRA	0
66	140	118	96	HoloPokemonType.POKEMON_TYPE_FIGHTING	HoloPokemonType.POKEMON_TYPE_NONE	0.4000000059604645	0.10000000149011612	0.2199999988079071	0.550000011920929	0.20624999701976776	HoloPokemonMovementType.POKEMON_ENC_MOVEMENT_JUMP	23.0	1.0	8.0	cf01d001	387b1c	9d111140daac2a3f00000040c6dcdd3f0000000036ab0a400000803f00000000	43	HoloPokemonClass.POKEMON_CLASS_NORMAL	1	0.800000011920929	19.5	0.10000000149011612	2.4375	HoloPokemonFamilyId.V0066_FAMILY_MACHOP	25
67	160	154	144	HoloPokemonType.POKEMON_TYPE_FIGHTING	HoloPokemonType.POKEMON_TYPE_NONE	0.20000000298023224	0.07000000029802322	0.5460001230239868	1.0920000076293945	0.13650000095367432	HoloPokemonMovementType.POKEMON_ENC_MOVEMENT_JUMP	14.0	1.0	5.0	cf01d001	367b1c	0000c03fdaac2a3f6d56d53f6d56d53f0000000036ab0a40a089883f00000000	44	HoloPokemonClass.POKEMON_CLASS_NORMAL	1	1.5	70.5	0.1875	8.8125	HoloPokemonFamilyId.V0066_FAMILY_MACHOP	100
68	180	198	180	HoloPokemonType.POKEMON_TYPE_FIGHTING	HoloPokemonType.POKEMON_TYPE_NONE	0.10000000149011612	0.05000000074505806	0.578499972820282	1.246000051498413	0.13349999487400055	HoloPokemonMovementType.POKEMON_ENC_MOVEMENT_JUMP	8.0	1.0	3.0	e501d001	20361c	6d56d53fdaac2a3f6d56d53f6d56d53f000000006d56d53f93a9aa3fa8aaaa3f		HoloPokemonClass.POKEMON_CLASS_NORMAL	1	1.600000023841858	130.0	0.20000000298023224	16.25	HoloPokemonFamilyId.V0066_FAMILY_MACHOP	0
69	100	158	78	HoloPokemonType.POKEMON_TYPE_GRASS	HoloPokemonType.POKEMON_TYPE_POISON	0.4000000059604645	0.15000000596046448	0.19349999725818634	0.4514999985694885	0.22574999928474426	HoloPokemonMovementType.POKEMON_ENC_MOVEMENT_JUMP	10.0	1.2000000476837158	29.0	d601e101	765a0d	9a99d93fdaac2a3f0000204093a9ea3f00000000000000400000004000000000	46	HoloPokemonClass.POKEMON_CLASS_NORMAL	1	0.699999988079071	4.0	0.08749999850988388	0.5	HoloPokemonFamilyId.V0069_FAMILY_BELLSPROUT	25
70	130	190	110	HoloPokemonType.POKEMON_TYPE_GRASS	HoloPokemonType.POKEMON_TYPE_POISON	0.20000000298023224	0.07000000029802322	0.25	0.949999988079071	0.25	HoloPokemonMovementType.POKEMON_ENC_MOVEMENT_HOVERING	8.0	1.0	23.0	d701e101	765a3b	6666e63fdaac2a3f2d43c43fdaac2a3f000000009d1111400000004000000000	47	HoloPokemonClass.POKEMON_CLASS_NORMAL	1	1.0	6.400000095367432	0.125	0.800000011920929	HoloPokemonFamilyId.V0069_FAMILY_BELLSPROUT	100
71	160	222	152	HoloPokemonType.POKEMON_TYPE_GRASS	HoloPokemonType.POKEMON_TYPE_POISON	0.10000000149011612	0.05000000074505806	0.335999995470047	1.4279999732971191	0.27300000190734863	HoloPokemonMovementType.POKEMON_ENC_MOVEMENT_HOVERING	14.0	1.0	5.0	d701e101	755a74	00000040daac2a3f6d56d53fdaac2a3f0000000036ab0a400000004000000000		HoloPokemonClass.POKEMON_CLASS_NORMAL	1	1.7000000476837158	15.5	0.21250000596046448	1.9375	HoloPokemonFamilyId.V0069_FAMILY_BELLSPROUT	0
72	80	106	136	HoloPokemonType.POKEMON_TYPE_WATER	HoloPokemonType.POKEMON_TYPE_POISON	0.4000000059604645	0.15000000596046448	0.20999999344348907	0.9187499284744263	0.1574999988079071	HoloPokemonMovementType.POKEMON_ENC_MOVEMENT_HOVERING	23.0	1.0	8.0	ed01ec01	35690d	36ab2a40daac2a3f6d56d53fdaac2a3f00000000333313400000004000000000	49	HoloPokemonClass.POKEMON_CLASS_NORMAL	1	0.8999999761581421	45.5	0.11249999701976776	5.6875	HoloPokemonFamilyId.V0072_FAMILY_TENTACOOL	50
73	160	170	196	HoloPokemonType.POKEMON_TYPE_WATER	HoloPokemonType.POKEMON_TYPE_POISON	0.1599999964237213	0.07000000029802322	0.492000013589859	1.2300000190734863	0.2460000067949295	HoloPokemonMovementType.POKEMON_ENC_MOVEMENT_HOVERING	11.0	1.0	4.0	e101e001	6b5b28	36ab0a40daac2a3f93a9aa3fdaac2a3f000000000000004036ab2a4000000040		HoloPokemonClass.POKEMON_CLASS_NORMAL	1	1.600000023841858	55.0	0.20000000298023224	6.875	HoloPokemonFamilyId.V0072_FAMILY_TENTACOOL	0
74	80	106	118	HoloPokemonType.POKEMON_TYPE_ROCK	HoloPokemonType.POKEMON_TYPE_GROUND	0.4000000059604645	0.10000000149011612	0.39149999618530273	0.13050000369548798	0.19574999809265137	HoloPokemonMovementType.POKEMON_ENC_MOVEMENT_HOVERING	8.0	1.0	23.0	e301dd01	403f1a	ca541540daac2a3f6d56d53fdaac2a3f00000000000000406d56d53f00000000	4b	HoloPokemonClass.POKEMON_CLASS_NORMAL	1	0.4000000059604645	20.0	0.05000000074505806	2.5	HoloPokemonFamilyId.V0074_FAMILY_GEODUDE	25
75	110	142	156	HoloPokemonType.POKEMON_TYPE_ROCK	HoloPokemonType.POKEMON_TYPE_GROUND	0.20000000298023224	0.07000000029802322	0.492000013589859	0.6970000267028809	0.36899998784065247	HoloPokemonMovementType.POKEMON_ENC_MOVEMENT_JUMP	14.0	1.2000000476837158	5.0	e301d801	1a2040	ca541540daac2a3f07f0ee3f93a9ea3f00000000000000406d56d53f00000000	4c	HoloPokemonClass.POKEMON_CLASS_NORMAL	1	1.0	105.0	0.125	13.125	HoloPokemonFamilyId.V0074_FAMILY_GEODUDE	100
76	160	176	198	HoloPokemonType.POKEMON_TYPE_ROCK	HoloPokemonType.POKEMON_TYPE_GROUND	0.10000000149011612	0.05000000074505806	0.6299999952316284	1.0920000076293945	0.3149999976158142	HoloPokemonMovementType.POKEMON_ENC_MOVEMENT_JUMP	8.0	1.2000000476837158	3.0	e301d801	203e1f	36ab2a40daac2a3f00000040000000400000000036ab0a400000004000000000		HoloPokemonClass.POKEMON_CLASS_NORMAL	1	1.399999976158142	300.0	0.17499999701976776	37.5	HoloPokemonFamilyId.V0074_FAMILY_GEODUDE	0
77	100	168	138	HoloPokemonType.POKEMON_TYPE_FIRE	HoloPokemonType.POKEMON_TYPE_NONE	0.3199999928474426	0.10000000149011612	0.2524999976158142	0.6312500238418579	0.20200000703334808	HoloPokemonMovementType.POKEMON_ENC_MOVEMENT_JUMP	8.0	0.949999988079071	23.0	dd01d101	651567	ca541540daac2a3f6d56d53f0000c03faaaaaa40ca5415406d56d53f00000000	4e	HoloPokemonClass.POKEMON_CLASS_NORMAL	1	1.0	30.0	0.125	3.75	HoloPokemonFamilyId.V0077_FAMILY_PONYTA	50
78	130	200	170	HoloPokemonType.POKEMON_TYPE_FIRE	HoloPokemonType.POKEMON_TYPE_NONE	0.11999999731779099	0.05999999865889549	0.3240000009536743	0.890999972820282	0.24300000071525574	HoloPokemonMovementType.POKEMON_ENC_MOVEMENT_JUMP	6.0	1.0	17.0	cf01d101	672e2a	d04404402653553fca54154007f0ee3f0000000036ab0a4036ab2a4000000000		HoloPokemonClass.POKEMON_CLASS_NORMAL	1	1.7000000476837158	95.0	0.21250000596046448	11.875	HoloPokemonFamilyId.V0077_FAMILY_PONYTA	0
79	180	110	110	HoloPokemonType.POKEMON_TYPE_WATER	HoloPokemonType.POKEMON_TYPE_PSYCHIC	0.4000000059604645	0.10000000149011612	0.3160000145435333	0.5134999752044678	0.29624998569488525	HoloPokemonMovementType.POKEMON_ENC_MOVEMENT_JUMP	8.0	1.0	23.0	e601eb01	693c6c	00004040daac2a3f000000406d56d53f00000000000000406d56d53f00000000	50	HoloPokemonClass.POKEMON_CLASS_NORMAL	1	1.2000000476837158	36.0	0.15000000596046448	4.5	HoloPokemonFamilyId.V0079_FAMILY_SLOWPOKE	50
80	190	184	198	HoloPokemonType.POKEMON_TYPE_WATER	HoloPokemonType.POKEMON_TYPE_PSYCHIC	0.1599999964237213	0.05999999865889549	0.42500001192092896	0.8500000238418579	0.2549999952316284	HoloPokemonMovementType.POKEMON_ENC_MOVEMENT_JUMP	3.0	1.0	8.0	e601eb01	696c27	ca541540daac2a3f6d56d53f666606400000000093a9ea3f0000004000004040		HoloPokemonClass.POKEMON_CLASS_NORMAL	1	1.600000023841858	78.5	0.20000000298023224	9.8125	HoloPokemonFamilyId.V0079_FAMILY_SLOWPOKE	0
81	50	128	138	HoloPokemonType.POKEMON_TYPE_ELECTRIC	HoloPokemonType.POKEMON_TYPE_STEEL	0.4000000059604645	0.10000000149011612	0.4560000002384186	0.4560000002384186	0.2280000001192093	HoloPokemonMovementType.POKEMON_ENC_MOVEMENT_ELECTRIC	8.0	1.0	23.0	ce01cd01	23484f	93a9aa3fdaac2a3fc6dc9d3fdaac2a3f00000000000000406d56953f5855953f	52	HoloPokemonClass.POKEMON_CLASS_NORMAL	1	0.30000001192092896	6.0	0.03750000149011612	0.75	HoloPokemonFamilyId.V0081_FAMILY_MAGNEMITE	50
82	100	186	180	HoloPokemonType.POKEMON_TYPE_ELECTRIC	HoloPokemonType.POKEMON_TYPE_STEEL	0.1599999964237213	0.05999999865889549	0.4399999976158142	0.824999988079071	0.2199999988079071	HoloPokemonMovementType.POKEMON_ENC_MOVEMENT_ELECTRIC	5.0	1.0	14.0	ce01cd01	234824	0000c03fdaac2a3f93a9aa3fdaac2a3f0000000093a9ea3f0000004000000000		HoloPokemonClass.POKEMON_CLASS_NORMAL	1	1.0	60.0	0.125	7.5	HoloPokemonFamilyId.V0081_FAMILY_MAGNEMITE	0
83	104	138	132	HoloPokemonType.POKEMON_TYPE_NORMAL	HoloPokemonType.POKEMON_TYPE_FLYING	0.23999999463558197	0.09000000357627869	0.2824999988079071	0.42375001311302185	0.2824999988079071	HoloPokemonMovementType.POKEMON_ENC_MOVEMENT_JUMP	29.0	1.25	10.0	df01c801	2d7975	6d56d53fdaac2a3f6d56d53f93a9ea3f0000000093a9ea3fcdcccc3f00000000		HoloPokemonClass.POKEMON_CLASS_NORMAL	1	0.800000011920929	15.0	0.10000000149011612	1.875	HoloPokemonFamilyId.V0083_FAMILY_FARFETCHD	0
84	70	126	96	HoloPokemonType.POKEMON_TYPE_NORMAL	HoloPokemonType.POKEMON_TYPE_FLYING	0.4000000059604645	0.10000000149011612	0.35199999809265137	1.2319999933242798	0.1979999989271164	HoloPokemonMovementType.POKEMON_ENC_MOVEMENT_JUMP	10.0	1.0	29.0	d301db01	262d7d	00000040daac2a3f6d56d53f0000c03f00000000000000402d43c43f00000000	55	HoloPokemonClass.POKEMON_CLASS_NORMAL	1	1.399999976158142	39.20000076293945	0.17499999701976776	4.900000095367432	HoloPokemonFamilyId.V0084_FAMILY_DODUO	50
85	120	182	150	HoloPokemonType.POKEMON_TYPE_NORMAL	HoloPokemonType.POKEMON_TYPE_FLYING	0.1599999964237213	0.05999999865889549	0.38999998569488525	1.2869999408721924	0.2574000060558319	HoloPokemonMovementType.POKEMON_ENC_MOVEMENT_JUMP	6.0	1.25	17.0	ee01ef01	262d79	93a9aa3fdaac2a3f6d56d53f0000004000000000000000400000004000000000		HoloPokemonClass.POKEMON_CLASS_NORMAL	1	1.7999999523162842	85.19999694824219	0.22499999403953552	10.649999618530273	HoloPokemonFamilyId.V0084_FAMILY_DODUO	0
86	130	104	138	HoloPokemonType.POKEMON_TYPE_WATER	HoloPokemonType.POKEMON_TYPE_NONE	0.4000000059604645	0.09000000357627869	0.2750000059604645	0.4124999940395355	0.2199999988079071	HoloPokemonMovementType.POKEMON_ENC_MOVEMENT_JUMP	10.0	0.8999999761581421	29.0	d901e601	396f3a	36ab2a40daac2a3f93a9ea3f6d56d53f00000000000000400000004000000000	57	HoloPokemonClass.POKEMON_CLASS_NORMAL	1	1.100000023841858	90.0	0.13750000298023224	11.25	HoloPokemonFamilyId.V0086_FAMILY_SEEL	50
87	180	156	192	HoloPokemonType.POKEMON_TYPE_WATER	HoloPokemonType.POKEMON_TYPE_ICE	0.1599999964237213	0.05999999865889549	0.3149999976158142	0.6299999952316284	0.13124999403953552	HoloPokemonMovementType.POKEMON_ENC_MOVEMENT_HOVERING	5.0	1.0	14.0	da01d901	6f3928	d04404402653553f6d56d53fdaac2a3f00000000ca5415400000004000000000		HoloPokemonClass.POKEMON_CLASS_NORMAL	1	1.7000000476837158	120.0	0.21250000596046448	15.0	HoloPokemonFamilyId.V0086_FAMILY_SEEL	0
88	160	124	110	HoloPokemonType.POKEMON_TYPE_POISON	HoloPokemonType.POKEMON_TYPE_NONE	0.4000000059604645	0.10000000149011612	0.49000000953674316	0.833000123500824	0.2939999997615814	HoloPokemonMovementType.POKEMON_ENC_MOVEMENT_JUMP	23.0	1.0	8.0	e101e901	12605a	6d56d53fdaac2a3f6d56d53f6d56d53f000020416d56d53f36ab2a4000000000	59	HoloPokemonClass.POKEMON_CLASS_NORMAL	1	0.8999999761581421	30.0	0.11249999701976776	3.75	HoloPokemonFamilyId.V0088_FAMILY_GRIMER	50
89	210	180	188	HoloPokemonType.POKEMON_TYPE_POISON	HoloPokemonType.POKEMON_TYPE_NONE	0.1599999964237213	0.05999999865889549	0.7599999904632568	0.5699999928474426	0.3799999952316284	HoloPokemonMovementType.POKEMON_ENC_MOVEMENT_JUMP	8.0	1.25	3.0	e101e001	105c5b	000000400000803f6d56d53f36ab0a40000020410000004036ab2a4000000000		HoloPokemonClass.POKEMON_CLASS_NORMAL	1	1.2000000476837158	30.0	0.15000000596046448	3.75	HoloPokemonFamilyId.V0088_FAMILY_GRIMER	0
90	60	120	112	HoloPokemonType.POKEMON_TYPE_WATER	HoloPokemonType.POKEMON_TYPE_NONE	0.4000000059604645	0.10000000149011612	0.335999995470047	0.5040000081062317	0.2939999997615814	HoloPokemonMovementType.POKEMON_ENC_MOVEMENT_JUMP	23.0	1.2000000476837158	8.0	d901dd01	35696f	00000040daac2a3f6d56d53f6d56d53f000000006d56d53f36ab2a4000000000	5b	HoloPokemonClass.POKEMON_CLASS_NORMAL	1	0.30000001192092896	4.0	0.03750000149011612	0.5	HoloPokemonFamilyId.V0090_FAMILY_SHELLDER	50
91	100	196	196	HoloPokemonType.POKEMON_TYPE_WATER	HoloPokemonType.POKEMON_TYPE_ICE	0.1599999964237213	0.05999999865889549	0.41999998688697815	1.0499999523162842	0.5459998846054077	HoloPokemonMovementType.POKEMON_ENC_MOVEMENT_HOVERING	3.0	1.0	8.0	da01d901	6f6b28	30bb1b40daac2a3fc6dcdd3fdaac2a3f00000000ca541540d3bcfb3f33337340		HoloPokemonClass.POKEMON_CLASS_NORMAL	1	1.5	132.5	0.1875	16.5625	HoloPokemonFamilyId.V0090_FAMILY_SHELLDER	0
92	60	136	82	HoloPokemonType.POKEMON_TYPE_GHOST	HoloPokemonType.POKEMON_TYPE_POISON	0.3199999928474426	0.10000000149011612	0.25	0.6000000238418579	0.30000001192092896	HoloPokemonMovementType.POKEMON_ENC_MOVEMENT_PSYCHIC	29.0	1.0	10.0	d401cb01	45105a	00000000daac2a3f6d56d53f0000803f00000000fd870840fd87084000000000	5d	HoloPokemonClass.POKEMON_CLASS_NORMAL	1	1.2999999523162842	0.10000000149011612	0.16249999403953552	0.012500000186264515	HoloPokemonFamilyId.V0092_FAMILY_GASTLY	25
93	90	172	118	HoloPokemonType.POKEMON_TYPE_GHOST	HoloPokemonType.POKEMON_TYPE_POISON	0.1599999964237213	0.07000000029802322	0.44200000166893005	1.156000018119812	0.44200000166893005	HoloPokemonMovementType.POKEMON_ENC_MOVEMENT_PSYCHIC	23.0	1.0	8.0	d501d401	46105a	36ab0a40daac2a3f6d56d53fdaac2a3f00000000ca5415400000004000000000	5e	HoloPokemonClass.POKEMON_CLASS_NORMAL	1	1.600000023841858	0.10000000149011612	0.20000000298023224	0.012500000186264515	HoloPokemonFamilyId.V0092_FAMILY_GASTLY	100
94	120	204	156	HoloPokemonType.POKEMON_TYPE_GHOST	HoloPokemonType.POKEMON_TYPE_POISON	0.07999999821186066	0.05000000074505806	0.4620000123977661	1.0920000076293945	0.5040000081062317	HoloPokemonMovementType.POKEMON_ENC_MOVEMENT_JUMP	14.0	1.2999999523162842	5.0	cb01d501	46105b	6d56d53fdaac2a3f6d56d53f93a9ea3f000000006d56d53f93a9aa3f5855d53f		HoloPokemonClass.POKEMON_CLASS_NORMAL	1	1.5	40.5	0.1875	5.0625	HoloPokemonFamilyId.V0092_FAMILY_GASTLY	0
95	70	90	186	HoloPokemonType.POKEMON_TYPE_ROCK	HoloPokemonType.POKEMON_TYPE_GROUND	0.1599999964237213	0.09000000357627869	0.6579999923706055	1.1749999523162842	0.37599998712539673	HoloPokemonMovementType.POKEMON_ENC_MOVEMENT_JUMP	17.0	1.0	6.0	e301dd01	40204a	ca541540daac2a3fc6dcdd3fc6dcdd3f00000000ca5415409621024000000000		HoloPokemonClass.POKEMON_CLASS_NORMAL	1	8.800000190734863	210.0	1.100000023841858	26.25	HoloPokemonFamilyId.V0095_FAMILY_ONIX	0
96	120	104	140	HoloPokemonType.POKEMON_TYPE_PSYCHIC	HoloPokemonType.POKEMON_TYPE_NONE	0.4000000059604645	0.10000000149011612	0.3675000071525574	0.6299999952316284	0.26249998807907104	HoloPokemonMovementType.POKEMON_ENC_MOVEMENT_JUMP	8.0	1.25	23.0	de01eb01	1e3c6c	93a9ea3fdaac2a3f6d56d53f3a23e23f0000000000000040ca54154000000000	61	HoloPokemonClass.POKEMON_CLASS_NORMAL	1	1.0	32.400001525878906	0.125	4.050000190734863	HoloPokemonFamilyId.V0096_FAMILY_DROWZEE	50
97	170	162	196	HoloPokemonType.POKEMON_TYPE_PSYCHIC	HoloPokemonType.POKEMON_TYPE_NONE	0.1599999964237213	0.05999999865889549	0.3319999873638153	0.8299999833106995	0.3319999873638153	HoloPokemonMovementType.POKEMON_ENC_MOVEMENT_JUMP	11.0	0.800000011920929	4.0	ea01eb01	3c6c46	07f0ee3fdaac2a3f000000406076b73f0000000036ab2a40cdcccc3f00000000		HoloPokemonClass.POKEMON_CLASS_NORMAL	1	1.600000023841858	75.5999984741211	0.20000000298023224	9.449999809265137	HoloPokemonFamilyId.V0096_FAMILY_DROWZEE	0
98	60	116	110	HoloPokemonType.POKEMON_TYPE_WATER	HoloPokemonType.POKEMON_TYPE_NONE	0.4000000059604645	0.15000000596046448	0.5220000147819519	0.8700000047683716	0.26100000739097595	HoloPokemonMovementType.POKEMON_ENC_MOVEMENT_JUMP	23.0	1.0	8.0	ed01d801	143569	6076b73fdaac2a3f6d56d53f0000c03f00000000ca54154093a9aa3f00000000	63	HoloPokemonClass.POKEMON_CLASS_NORMAL	1	0.4000000059604645	6.5	0.05000000074505806	0.8125	HoloPokemonFamilyId.V0098_FAMILY_KRABBY	50
99	110	178	168	HoloPokemonType.POKEMON_TYPE_WATER	HoloPokemonType.POKEMON_TYPE_NONE	0.1599999964237213	0.07000000029802322	0.6524999737739563	1.000499963760376	0.32624998688697815	HoloPokemonMovementType.POKEMON_ENC_MOVEMENT_JUMP	8.0	0.800000011920929	3.0	e401d801	146469	9d111140daac2a3f6666e63fa089c83f00000000000000402d43c43f00000000		HoloPokemonClass.POKEMON_CLASS_NORMAL	1	1.2999999523162842	60.0	0.16249999403953552	7.5	HoloPokemonFamilyId.V0098_FAMILY_KRABBY	0
100	80	102	124	HoloPokemonType.POKEMON_TYPE_ELECTRIC	HoloPokemonType.POKEMON_TYPE_NONE	0.4000000059604645	0.10000000149011612	0.3375000059604645	0.675000011920929	0.16875000298023224	HoloPokemonMovementType.POKEMON_ENC_MOVEMENT_JUMP	10.0	1.2000000476837158	29.0	ce01dd01	234f63	36ab2a40daac2a3f6d56d53f93a9ea3f00000000ca5415400000004000000040	65	HoloPokemonClass.POKEMON_CLASS_NORMAL	1	0.5	10.399999618530273	0.0625	1.2999999523162842	HoloPokemonFamilyId.V0100_FAMILY_VOLTORB	50
101	120	150	174	HoloPokemonType.POKEMON_TYPE_ELECTRIC	HoloPokemonType.POKEMON_TYPE_NONE	0.1599999964237213	0.05999999865889549	0.5519999861717224	1.1039999723434448	0.2759999930858612	HoloPokemonMovementType.POKEMON_ENC_MOVEMENT_JUMP	8.0	1.2000000476837158	23.0	ce01dd01	234f0e	ca541540daac2a3f6d56d53f93a9ea3f00000000ca5415400000404000000000		HoloPokemonClass.POKEMON_CLASS_NORMAL	1	1.2000000476837158	66.5999984741211	0.15000000596046448	8.324999809265137	HoloPokemonFamilyId.V0100_FAMILY_VOLTORB	0
102	120	110	132	HoloPokemonType.POKEMON_TYPE_GRASS	HoloPokemonType.POKEMON_TYPE_PSYCHIC	0.4000000059604645	0.10000000149011612	0.5149999856948853	0.41200000047683716	0.2574999928474426	HoloPokemonMovementType.POKEMON_ENC_MOVEMENT_JUMP	8.0	1.0	23.0	eb01	3b6c3e	00002040daac2a3f6d56d53f6d56d53f00000000000000400000004000000000	67	HoloPokemonClass.POKEMON_CLASS_NORMAL	1	0.4000000059604645	2.5	0.05000000074505806	0.3125	HoloPokemonFamilyId.V0102_FAMILY_EXEGGCUTE	50
103	190	232	164	HoloPokemonType.POKEMON_TYPE_GRASS	HoloPokemonType.POKEMON_TYPE_PSYCHIC	0.1599999964237213	0.05999999865889549	0.5070000290870667	1.3650000095367432	0.2535000145435333	HoloPokemonMovementType.POKEMON_ENC_MOVEMENT_JUMP	8.0	1.0	3.0	eb01ea01	3b6c74	6ade1d40daac2a3f6d56d53f0000004000000000cdcc0c40cdcccc3f00000000		HoloPokemonClass.POKEMON_CLASS_NORMAL	1	2.0	120.0	0.25	15.0	HoloPokemonFamilyId.V0102_FAMILY_EXEGGCUTE	0
104	100	102	150	HoloPokemonType.POKEMON_TYPE_GROUND	HoloPokemonType.POKEMON_TYPE_NONE	0.3199999928474426	0.10000000149011612	0.22200000286102295	0.3700000047683716	0.22200000286102295	HoloPokemonMovementType.POKEMON_ENC_MOVEMENT_JUMP	8.0	1.0	23.0	e901f101	5e1a5f	c6dcdd3fdaac2a3fcdcccc3fcdcccc3f0000000093a9ea3fcdcccc3f00000000	69	HoloPokemonClass.POKEMON_CLASS_NORMAL	1	0.4000000059604645	6.5	0.05000000074505806	0.8125	HoloPokemonFamilyId.V0104_FAMILY_CUBONE	50
105	120	140	202	HoloPokemonType.POKEMON_TYPE_GROUND	HoloPokemonType.POKEMON_TYPE_NONE	0.11999999731779099	0.05999999865889549	0.25	0.75	0.25	HoloPokemonMovementType.POKEMON_ENC_MOVEMENT_JUMP	14.0	0.8500000238418579	5.0	e901f101	5e1a1f	00000040daac2a3f6d56d53f0000c03f00000000000000403333b33f00000000		HoloPokemonClass.POKEMON_CLASS_NORMAL	1	1.0	45.0	0.125	5.625	HoloPokemonFamilyId.V0104_FAMILY_CUBONE	0
106	100	148	172	HoloPokemonType.POKEMON_TYPE_FIGHTING	HoloPokemonType.POKEMON_TYPE_NONE	0.1599999964237213	0.09000000357627869	0.41499999165534973	1.2450000047683716	0.20749999582767487	HoloPokemonMovementType.POKEMON_ENC_MOVEMENT_JUMP	11.0	0.800000011920929	4.0	cf01f101	7f3820	6d56d53fdaac2a3f6d56d53f0000c03f0000000000000040c0ec6e3f00000000		HoloPokemonClass.POKEMON_CLASS_NORMAL	1	1.5	49.79999923706055	0.1875	6.224999904632568	HoloPokemonFamilyId.V0106_FAMILY_HITMONLEE	0
107	100	138	204	HoloPokemonType.POKEMON_TYPE_FIGHTING	HoloPokemonType.POKEMON_TYPE_NONE	0.1599999964237213	0.09000000357627869	0.33149999380111694	1.0199999809265137	0.2549999952316284	HoloPokemonMovementType.POKEMON_ENC_MOVEMENT_JUMP	14.0	1.100000023841858	5.0	e501f101	73214d7b	0000c03fdaac2a3f6d56d53f6d56d53f00000000c6dcdd3fdaac2a3f00000000		HoloPokemonClass.POKEMON_CLASS_NORMAL	1	1.399999976158142	50.20000076293945	0.17499999701976776	6.275000095367432	HoloPokemonFamilyId.V0107_FAMILY_HITMONCHAN	0
108	180	126	160	HoloPokemonType.POKEMON_TYPE_NORMAL	HoloPokemonType.POKEMON_TYPE_NONE	0.1599999964237213	0.09000000357627869	0.46000000834465027	0.9200000166893005	0.2529999911785126	HoloPokemonMovementType.POKEMON_ENC_MOVEMENT_JUMP	23.0	1.25	8.0	d401ea01	0e7f76	6d56d53fdaac2a3f6d56d53fc6dcdd3f0000000000000040cdcc4c3f00000000		HoloPokemonClass.POKEMON_CLASS_NORMAL	1	1.2000000476837158	65.5	0.15000000596046448	8.1875	HoloPokemonFamilyId.V0108_FAMILY_LICKITUNG	0
109	80	136	142	HoloPokemonType.POKEMON_TYPE_POISON	HoloPokemonType.POKEMON_TYPE_NONE	0.4000000059604645	0.10000000149011612	0.36000001430511475	0.6600000262260437	0.6000000238418579	HoloPokemonMovementType.POKEMON_ENC_MOVEMENT_FLYING	8.0	1.0	23.0	e101dd01	125a10	93a9aa3fdaac2a3f0000c03fdaac2a3f5655d540000000400000004000000000	6e	HoloPokemonClass.POKEMON_CLASS_NORMAL	1	0.6000000238418579	1.0	0.07500000298023224	0.125	HoloPokemonFamilyId.V0109_FAMILY_KOFFING	50
110	130	190	198	HoloPokemonType.POKEMON_TYPE_POISON	HoloPokemonType.POKEMON_TYPE_NONE	0.1599999964237213	0.05999999865889549	0.6819999814033508	0.7440000176429749	0.4650000035762787	HoloPokemonMovementType.POKEMON_ENC_MOVEMENT_FLYING	4.0	1.0	11.0	e101dd01	5a4610	00000040daac2a3f6d56d53fdaac2a3f545555406ade1d4036ab2a4000000000		HoloPokemonClass.POKEMON_CLASS_NORMAL	1	1.2000000476837158	9.5	0.15000000596046448	1.1875	HoloPokemonFamilyId.V0109_FAMILY_KOFFING	0
111	160	110	116	HoloPokemonType.POKEMON_TYPE_GROUND	HoloPokemonType.POKEMON_TYPE_ROCK	0.4000000059604645	0.10000000149011612	0.5	0.8500000238418579	0.30000001192092896	HoloPokemonMovementType.POKEMON_ENC_MOVEMENT_JUMP	14.0	1.25	5.0	e901f101	5f7e7f	3a23e23f0000803f0000c03f93a9ea3f0000000036ab2a409a99194000000000	70	HoloPokemonClass.POKEMON_CLASS_NORMAL	1	1.0	115.0	0.125	14.375	HoloPokemonFamilyId.V0111_FAMILY_RHYHORN	50
112	210	166	160	HoloPokemonType.POKEMON_TYPE_GROUND	HoloPokemonType.POKEMON_TYPE_ROCK	0.1599999964237213	0.05999999865889549	0.5924999713897705	1.184999942779541	0.39500001072883606	HoloPokemonMovementType.POKEMON_ENC_MOVEMENT_JUMP	8.0	1.0	3.0	e901f101	161f20	9a99d93fdaac2a3f666606409a99d93f0000000000000040cdcccc3f00000000		HoloPokemonClass.POKEMON_CLASS_NORMAL	1	1.899999976158142	120.0	0.23749999701976776	15.0	HoloPokemonFamilyId.V0111_FAMILY_RHYHORN	0
113	500	40	60	HoloPokemonType.POKEMON_TYPE_NORMAL	HoloPokemonType.POKEMON_TYPE_NONE	0.1599999964237213	0.09000000357627869	0.47999998927116394	1.055999994277954	0.23999999463558197	HoloPokemonMovementType.POKEMON_ENC_MOVEMENT_JUMP	3.0	1.0	8.0	de01ea01	6c1e56	36ab0a40daac2a3f00000040a089c83f0000000036ab0a40c6dcdd3f5855d53f		HoloPokemonClass.POKEMON_CLASS_NORMAL	1	1.100000023841858	34.599998474121094	0.13750000298023224	4.324999809265137	HoloPokemonFamilyId.V0113_FAMILY_CHANSEY	0
114	130	164	152	HoloPokemonType.POKEMON_TYPE_GRASS	HoloPokemonType.POKEMON_TYPE_NONE	0.3199999928474426	0.09000000357627869	0.5	0.8999999761581421	0.36500000953674316	HoloPokemonMovementType.POKEMON_ENC_MOVEMENT_JUMP	4.0	1.25	11.0	d601	765a74	00000040daac2a3f93a9ea3f93a9ea3f000000000000204007f0ee3f00000000		HoloPokemonClass.POKEMON_CLASS_NORMAL	1	1.0	35.0	0.125	4.375	HoloPokemonFamilyId.V0114_FAMILY_TANGELA	0
115	210	142	178	HoloPokemonType.POKEMON_TYPE_NORMAL	HoloPokemonType.POKEMON_TYPE_NONE	0.1599999964237213	0.09000000357627869	0.5040000081062317	1.2599999904632568	0.36000001430511475	HoloPokemonMovementType.POKEMON_ENC_MOVEMENT_JUMP	11.0	0.699999988079071	4.0	e901cf01	7b1f7f	fd870840daac2a3f6d56d53f0000c03f00000000ca541540ca54154054551540		HoloPokemonClass.POKEMON_CLASS_NORMAL	1	2.200000047683716	80.0	0.2750000059604645	10.0	HoloPokemonFamilyId.V0115_FAMILY_KANGASKHAN	0
116	60	122	100	HoloPokemonType.POKEMON_TYPE_WATER	HoloPokemonType.POKEMON_TYPE_NONE	0.4000000059604645	0.10000000149011612	0.14800000190734863	0.4440000057220459	0.1850000023841858	HoloPokemonMovementType.POKEMON_ENC_MOVEMENT_HOVERING	10.0	1.0	29.0	e601ed01	355224	00000000daac2a3fc6dcdd3f2653553f9faaaa3e6d56d53f0000004000000000	75	HoloPokemonClass.POKEMON_CLASS_NORMAL	1	0.4000000059604645	8.0	0.05000000074505806	1.0	HoloPokemonFamilyId.V0116_FAMILY_HORSEA	50
117	110	176	150	HoloPokemonType.POKEMON_TYPE_WATER	HoloPokemonType.POKEMON_TYPE_NONE	0.1599999964237213	0.05999999865889549	0.32199999690055847	0.46000000834465027	0.414000004529953	HoloPokemonMovementType.POKEMON_ENC_MOVEMENT_HOVERING	6.0	1.0	17.0	e601cc01	28526b	00000000daac2a3f6d56d53fdaac2a3f0000000093a9ea3f0000004000000000		HoloPokemonClass.POKEMON_CLASS_NORMAL	1	1.2000000476837158	25.0	0.15000000596046448	3.125	HoloPokemonFamilyId.V0116_FAMILY_HORSEA	0
118	90	112	126	HoloPokemonType.POKEMON_TYPE_WATER	HoloPokemonType.POKEMON_TYPE_NONE	0.4000000059604645	0.15000000596046448	0.13500000536441803	0.16875000298023224	0.16875000298023224	HoloPokemonMovementType.POKEMON_ENC_MOVEMENT_HOVERING	10.0	1.0	29.0	d301d801	697e3a	000040400000803f6d56d53fdaac2a3f0000000036ab0a403333134000000000	77	HoloPokemonClass.POKEMON_CLASS_NORMAL	1	0.6000000238418579	15.0	0.07500000298023224	1.875	HoloPokemonFamilyId.V0118_FAMILY_GOLDEEN	50
119	160	172	160	HoloPokemonType.POKEMON_TYPE_WATER	HoloPokemonType.POKEMON_TYPE_NONE	0.1599999964237213	0.07000000029802322	0.04399999976158142	0.04399999976158142	0.24199999868869781	HoloPokemonMovementType.POKEMON_ENC_MOVEMENT_HOVERING	14.0	1.0	5.0	d301e001	6f2e16	00006040daac2a3f6d56d53f2653553f000000006d56d53f0000004000000000		HoloPokemonClass.POKEMON_CLASS_NORMAL	1	1.2999999523162842	39.0	0.16249999403953552	4.875	HoloPokemonFamilyId.V0118_FAMILY_GOLDEEN	0
120	60	130	128	HoloPokemonType.POKEMON_TYPE_WATER	HoloPokemonType.POKEMON_TYPE_NONE	0.4000000059604645	0.15000000596046448	0.4124999940395355	0.880000114440918	0.20624999701976776	HoloPokemonMovementType.POKEMON_ENC_MOVEMENT_JUMP	10.0	1.350000023841858	29.0	db01e601	7d3541	93a9aa3fdaac2a3f6d56d53f93a9ea3f000000006d56d53f0000004000000040	79	HoloPokemonClass.POKEMON_CLASS_NORMAL	1	0.800000011920929	34.5	0.10000000149011612	4.3125	HoloPokemonFamilyId.V0120_FAMILY_STARYU	50
121	120	194	192	HoloPokemonType.POKEMON_TYPE_WATER	HoloPokemonType.POKEMON_TYPE_PSYCHIC	0.1599999964237213	0.05999999865889549	0.48500001430511475	1.0670000314712524	0.24250000715255737	HoloPokemonMovementType.POKEMON_ENC_MOVEMENT_JUMP	6.0	1.600000023841858	17.0	db01e601	6b411e	c6dcdd3fdaac2a3f07f0ee3f666606400000000036ab2a403333f33f66660640		HoloPokemonClass.POKEMON_CLASS_NORMAL	1	1.100000023841858	80.0	0.13750000298023224	10.0	HoloPokemonFamilyId.V0120_FAMILY_STARYU	0
122	80	154	196	HoloPokemonType.POKEMON_TYPE_PSYCHIC	HoloPokemonType.POKEMON_TYPE_FAIRY	0.23999999463558197	0.09000000357627869	0.2669999897480011	0.6675000190734863	0.2669999897480011	HoloPokemonMovementType.POKEMON_ENC_MOVEMENT_JUMP	5.0	1.0	14.0	eb01ea01	1e6c46	36ab2a402653553f93a9ea3f0000004000000000000000409621224000000000		HoloPokemonClass.POKEMON_CLASS_NORMAL	1	1.2999999523162842	54.5	0.16249999403953552	6.8125	HoloPokemonFamilyId.V0122_FAMILY_MR_MIME	0
123	140	176	180	HoloPokemonType.POKEMON_TYPE_BUG	HoloPokemonType.POKEMON_TYPE_FLYING	0.23999999463558197	0.09000000357627869	0.4000000059604645	1.0	0.20000000298023224	HoloPokemonMovementType.POKEMON_ENC_MOVEMENT_FLYING	14.0	1.0	5.0	c801ef01	336431	c6dcdd3fdaac2a3f6d56d53fdaac2a3f00000000000000400000004000000000		HoloPokemonClass.POKEMON_CLASS_NORMAL	1	1.5	56.0	0.1875	7.0	HoloPokemonFamilyId.V0123_FAMILY_SCYTHER	0
124	130	172	134	HoloPokemonType.POKEMON_TYPE_ICE	HoloPokemonType.POKEMON_TYPE_PSYCHIC	0.23999999463558197	0.09000000357627869	0.4350000023841858	0.8700000047683716	0.5220000147819519	HoloPokemonMovementType.POKEMON_ENC_MOVEMENT_JUMP	4.0	1.25	11.0	da01de01	55213c	9d111140daac2a3f6d56d53f3a23e23f0000000007f0ee3f0000004000000000		HoloPokemonClass.POKEMON_CLASS_NORMAL	1	1.399999976158142	40.599998474121094	0.17499999701976776	5.074999809265137	HoloPokemonFamilyId.V0124_FAMILY_JYNX	0
125	130	198	160	HoloPokemonType.POKEMON_TYPE_ELECTRIC	HoloPokemonType.POKEMON_TYPE_NONE	0.23999999463558197	0.09000000357627869	0.3919999897480011	0.7350000143051147	0.28174999356269836	HoloPokemonMovementType.POKEMON_ENC_MOVEMENT_JUMP	6.0	1.0	17.0	cd01cf01	4d4f4e	0000c03fdaac2a3f0000c03f0000c03f000000006d56d53f93a9aa3f00000000		HoloPokemonClass.POKEMON_CLASS_NORMAL	1	1.100000023841858	30.0	0.13750000298023224	3.75	HoloPokemonFamilyId.V0125_FAMILY_ELECTABUZZ	0
126	130	214	158	HoloPokemonType.POKEMON_TYPE_FIRE	HoloPokemonType.POKEMON_TYPE_NONE	0.23999999463558197	0.09000000357627869	0.4399999976158142	0.8799999952316284	0.33000001311302185	HoloPokemonMovementType.POKEMON_ENC_MOVEMENT_JUMP	14.0	1.25	5.0	d101d001	677318	6d56d53fdaac2a3f6d56d53f93a9ea3f00000041000000400000004000000000		HoloPokemonClass.POKEMON_CLASS_NORMAL	1	1.2999999523162842	44.5	0.16249999403953552	5.5625	HoloPokemonFamilyId.V0126_FAMILY_MAGMAR	0
127	130	184	186	HoloPokemonType.POKEMON_TYPE_BUG	HoloPokemonType.POKEMON_TYPE_NONE	0.23999999463558197	0.09000000357627869	0.3479999899864197	0.8700000047683716	0.3479999899864197	HoloPokemonMovementType.POKEMON_ENC_MOVEMENT_JUMP	8.0	1.25	3.0	f101c801	146436	00000040daac2a3f6d56d53f93a9ea3f000000000000004093a9aa3f00000000		HoloPokemonClass.POKEMON_CLASS_NORMAL	1	1.5	55.0	0.1875	6.875	HoloPokemonFamilyId.V0127_FAMILY_PINSIR	0
128	150	148	184	HoloPokemonType.POKEMON_TYPE_NORMAL	HoloPokemonType.POKEMON_TYPE_NONE	0.23999999463558197	0.09000000357627869	0.4350000023841858	1.1962499618530273	0.2870999872684479	HoloPokemonMovementType.POKEMON_ENC_MOVEMENT_JUMP	4.0	1.2000000476837158	11.0	dd01ea01	7e4a1f	ca541540daac2a3f6d56d53f00000040000000006d56d53fcdcccc3f00000000		HoloPokemonClass.POKEMON_CLASS_NORMAL	1	1.399999976158142	88.4000015258789	0.17499999701976776	11.050000190734863	HoloPokemonFamilyId.V0128_FAMILY_TAUROS	0
129	40	42	84	HoloPokemonType.POKEMON_TYPE_WATER	HoloPokemonType.POKEMON_TYPE_NONE	0.5600000023841858	0.15000000596046448	0.26750001311302185	0.4814999997615814	0.32100000977516174	HoloPokemonMovementType.POKEMON_ENC_MOVEMENT_JUMP	3600.0	1.2999999523162842	3600.0	e701	8501	93a9aa3fdaac2a3f000000000000c03f00000000000000000000803f00000000	8201	HoloPokemonClass.POKEMON_CLASS_NORMAL	1	0.8999999761581421	10.0	0.11249999701976776	1.25	HoloPokemonFamilyId.V0129_FAMILY_MAGIKARP	400
130	190	192	196	HoloPokemonType.POKEMON_TYPE_WATER	HoloPokemonType.POKEMON_TYPE_FLYING	0.07999999821186066	0.07000000029802322	0.23999999463558197	0.47999998927116394	0.36000001430511475	HoloPokemonMovementType.POKEMON_ENC_MOVEMENT_HOVERING	8.0	1.0	3.0	cc01ca01	6b5052	00000040daac2a3f0000c03fdaac2a3f00000000ca5415400000004000000040		HoloPokemonClass.POKEMON_CLASS_NORMAL	1	6.5	235.0	0.8125	29.375	HoloPokemonFamilyId.V0129_FAMILY_MAGIKARP	0
131	260	186	190	HoloPokemonType.POKEMON_TYPE_WATER	HoloPokemonType.POKEMON_TYPE_ICE	0.1599999964237213	0.09000000357627869	0.5249999761581421	0.699999988079071	0.3499999940395355	HoloPokemonMovementType.POKEMON_ENC_MOVEMENT_JUMP	3.0	1.2000000476837158	8.0	da01d901	522728	36ab2a40daac2a3f6d56d53f3333f33f000000009a99194000004040acaa2a40		HoloPokemonClass.POKEMON_CLASS_NORMAL	1	2.5	220.0	0.3125	27.5	HoloPokemonFamilyId.V0131_FAMILY_LAPRAS	0
132	96	110	110	HoloPokemonType.POKEMON_TYPE_NORMAL	HoloPokemonType.POKEMON_TYPE_NONE	0.1599999964237213	0.10000000149011612	0.4025000035762787	0.5232499837875366	0.20125000178813934	HoloPokemonMovementType.POKEMON_ENC_MOVEMENT_JUMP	3600.0	1.0	3600.0	de01	8501	00000000daac2a3f6d56d53f6d56d53f00000000000000400000004000000000		HoloPokemonClass.POKEMON_CLASS_NORMAL	1	0.30000001192092896	4.0	0.03750000149011612	0.5	HoloPokemonFamilyId.V0132_FAMILY_DITTO	0
133	110	114	128	HoloPokemonType.POKEMON_TYPE_NORMAL	HoloPokemonType.POKEMON_TYPE_NONE	0.3199999928474426	0.10000000149011612	0.25200000405311584	0.335999995470047	0.25200000405311584	HoloPokemonMovementType.POKEMON_ENC_MOVEMENT_JUMP	10.0	1.350000023841858	29.0	db01dd01	1a7d8301	6ade1d40daac2a3fd044044093a9ea3f00000000ca5415400de05d3fdbdd9d3f	860187018801	HoloPokemonClass.POKEMON_CLASS_NORMAL	1	0.30000001192092896	6.5	0.03750000149011612	0.8125	HoloPokemonFamilyId.V0133_FAMILY_EEVEE	25
134	260	186	168	HoloPokemonType.POKEMON_TYPE_WATER	HoloPokemonType.POKEMON_TYPE_NONE	0.11999999731779099	0.05999999865889549	0.20999999344348907	0.5249999761581421	0.26249998807907104	HoloPokemonMovementType.POKEMON_ENC_MOVEMENT_JUMP	3.0	1.0	8.0	e601	696b3a	07f0ee3fdaac2a3f3333f33f9a99d93f0000000000000040fd87084087880840		HoloPokemonClass.POKEMON_CLASS_NORMAL	1	1.0	29.0	0.125	3.625	HoloPokemonFamilyId.V0133_FAMILY_EEVEE	0
135	130	192	174	HoloPokemonType.POKEMON_TYPE_ELECTRIC	HoloPokemonType.POKEMON_TYPE_NONE	0.11999999731779099	0.05999999865889549	0.2199999988079071	0.550000011920929	0.2199999988079071	HoloPokemonMovementType.POKEMON_ENC_MOVEMENT_JUMP	4.0	1.2999999523162842	11.0	cd01	234f4e	fd872840daac2a3f6076f73fca5415400000000036ab2a4093a9aa3ff2eeee3f		HoloPokemonClass.POKEMON_CLASS_NORMAL	1	0.800000011920929	24.5	0.10000000149011612	3.0625	HoloPokemonFamilyId.V0133_FAMILY_EEVEE	0
136	130	238	178	HoloPokemonType.POKEMON_TYPE_FIRE	HoloPokemonType.POKEMON_TYPE_NONE	0.11999999731779099	0.05999999865889549	0.2175000011920929	0.5220000147819519	0.19574999809265137	HoloPokemonMovementType.POKEMON_ENC_MOVEMENT_JUMP	3.0	1.350000023841858	8.0	d101	67182a	00002040daac2a3f6d56d53fd044044000000000ca5415400000803facaa2a40		HoloPokemonClass.POKEMON_CLASS_NORMAL	1	0.8999999761581421	25.0	0.11249999701976776	3.125	HoloPokemonFamilyId.V0133_FAMILY_EEVEE	0
137	130	156	158	HoloPokemonType.POKEMON_TYPE_NORMAL	HoloPokemonType.POKEMON_TYPE_NONE	0.3199999928474426	0.09000000357627869	0.38499999046325684	0.550000011920929	0.33000001311302185	HoloPokemonMovementType.POKEMON_ENC_MOVEMENT_HOVERING	8.0	1.0	23.0	db01dd01	1e6323	93a9ea3fdaac2a3f00000000daac2a3f0000000036ab2a40cdcccc3f00000000		HoloPokemonClass.POKEMON_CLASS_NORMAL	1	0.800000011920929	36.5	0.10000000149011612	4.5625	HoloPokemonFamilyId.V0137_FAMILY_PORYGON	0
138	70	132	160	HoloPokemonType.POKEMON_TYPE_ROCK	HoloPokemonType.POKEMON_TYPE_WATER	0.3199999928474426	0.09000000357627869	0.22200000286102295	0.5920000076293945	0.11100000143051147	HoloPokemonMovementType.POKEMON_ENC_MOVEMENT_JUMP	8.0	1.2999999523162842	23.0	e601d801	3e683f	00000040daac2a3f6d56d53f93a9ea3f00000000ca54154036ab2a4000000000	8b01	HoloPokemonClass.POKEMON_CLASS_NORMAL	1	0.4000000059604645	7.5	0.05000000074505806	0.9375	HoloPokemonFamilyId.V0138_FAMILY_OMANYTE	50
139	140	180	202	HoloPokemonType.POKEMON_TYPE_ROCK	HoloPokemonType.POKEMON_TYPE_WATER	0.11999999731779099	0.05000000074505806	0.25	0.8999999761581421	0.1875	HoloPokemonMovementType.POKEMON_ENC_MOVEMENT_JUMP	3.0	1.25	8.0	e301e601	3e6b40	00000040daac2a3f6d56d53f93a9ea3f000000000000004036ab2a4000000000		HoloPokemonClass.POKEMON_CLASS_NORMAL	1	1.0	35.0	0.125	4.375	HoloPokemonFamilyId.V0138_FAMILY_OMANYTE	0
140	60	148	142	HoloPokemonType.POKEMON_TYPE_ROCK	HoloPokemonType.POKEMON_TYPE_WATER	0.3199999928474426	0.09000000357627869	0.3375000059604645	0.5062500238418579	0.16875000298023224	HoloPokemonMovementType.POKEMON_ENC_MOVEMENT_JUMP	8.0	0.8999999761581421	23.0	dc01d801	3e393f	00000000daac2a3f000000000000c03f00000000000000400000004000000000	8d01	HoloPokemonClass.POKEMON_CLASS_NORMAL	1	0.5	11.5	0.0625	1.4375	HoloPokemonFamilyId.V0140_FAMILY_KABUTO	50
141	120	190	190	HoloPokemonType.POKEMON_TYPE_ROCK	HoloPokemonType.POKEMON_TYPE_WATER	0.11999999731779099	0.05000000074505806	0.36399999260902405	0.9100000262260437	0.31850001215934753	HoloPokemonMovementType.POKEMON_ENC_MOVEMENT_JUMP	11.0	1.0	4.0	d801c801	3e6920	36ab0a40daac2a3f6d56d53fcdcccc3f00000000cdcc0c409a99993f00000000		HoloPokemonClass.POKEMON_CLASS_NORMAL	1	1.2999999523162842	40.5	0.16249999403953552	5.0625	HoloPokemonFamilyId.V0140_FAMILY_KABUTO	0
142	160	182	162	HoloPokemonType.POKEMON_TYPE_ROCK	HoloPokemonType.POKEMON_TYPE_FLYING	0.1599999964237213	0.09000000357627869	0.2849999964237213	0.9975000023841858	0.2849999964237213	HoloPokemonMovementType.POKEMON_ENC_MOVEMENT_FLYING	5.0	1.0	14.0	ef01ca01	3e4a0e	36ab0a406666663f0000c03f8cb93b3f000000000000004093a9aa3f5855d53f		HoloPokemonClass.POKEMON_CLASS_NORMAL	1	1.7999999523162842	59.0	0.22499999403953552	7.375	HoloPokemonFamilyId.V0142_FAMILY_AERODACTYL	0
143	320	180	180	HoloPokemonType.POKEMON_TYPE_NORMAL	HoloPokemonType.POKEMON_TYPE_NONE	0.1599999964237213	0.09000000357627869	0.7400000095367432	1.1100000143051147	0.48100000619888306	HoloPokemonMovementType.POKEMON_ENC_MOVEMENT_JUMP	3.0	1.0	8.0	ea01d401	83010e1f	9a991940daac2a3f93a9ea3f6d56d53f00000000000020400000204054551540		HoloPokemonClass.POKEMON_CLASS_NORMAL	1	2.0999999046325684	460.0	0.26249998807907104	57.5	HoloPokemonFamilyId.V0143_FAMILY_SNORLAX	0
144	180	198	242	HoloPokemonType.POKEMON_TYPE_ICE	HoloPokemonType.POKEMON_TYPE_FLYING	0.0	0.10000000149011612	0.23100000619888306	0.6600000262260437	0.23100000619888306	HoloPokemonMovementType.POKEMON_ENC_MOVEMENT_FLYING	3.0	1.0	8.0	da01	276f28	d04404400000803f6d56d53fdaac2a3f000000009a99194093a9aa3fa8aaaa3f		HoloPokemonClass.POKEMON_CLASS_LEGENDARY	1	1.7000000476837158	55.400001525878906	0.21250000596046448	6.925000190734863	HoloPokemonFamilyId.V0144_FAMILY_ARTICUNO	0
145	180	232	194	HoloPokemonType.POKEMON_TYPE_ELECTRIC	HoloPokemonType.POKEMON_TYPE_FLYING	0.0	0.10000000149011612	0.44850000739097595	0.7590000033378601	0.2759999930858612	HoloPokemonMovementType.POKEMON_ENC_MOVEMENT_ELECTRIC	3.0	1.0	8.0	cd01	234f4e	cdcccc3f2653553f0000c03f2653553f00000000000000400000803f5855d53f		HoloPokemonClass.POKEMON_CLASS_LEGENDARY	1	1.600000023841858	52.599998474121094	0.20000000298023224	6.574999809265137	HoloPokemonFamilyId.V0145_FAMILY_ZAPDOS	0
146	180	242	194	HoloPokemonType.POKEMON_TYPE_FIRE	HoloPokemonType.POKEMON_TYPE_FLYING	0.0	0.10000000149011612	0.40299999713897705	0.9300000071525574	0.21699999272823334	HoloPokemonMovementType.POKEMON_ENC_MOVEMENT_FLYING	3.0	1.0	8.0	d101	672a18	63ee2e4093a9aa3f000000406d56953f00000000000020406666e63f6666e63f		HoloPokemonClass.POKEMON_CLASS_LEGENDARY	1	2.0	60.0	0.25	7.5	HoloPokemonFamilyId.V0146_FAMILY_MOLTRES	0
147	82	128	110	HoloPokemonType.POKEMON_TYPE_DRAGON	HoloPokemonType.POKEMON_TYPE_NONE	0.3199999928474426	0.09000000357627869	0.2775000035762787	0.5550000071525574	0.19425000250339508	HoloPokemonMovementType.POKEMON_ENC_MOVEMENT_JUMP	10.0	0.8500000238418579	29.0	cc01	0d503a	6d56d53fdaac2a3f93a9ea3f6076b73f0000000000000040cdcccc3f00000000	9401	HoloPokemonClass.POKEMON_CLASS_NORMAL	1	1.7999999523162842	3.299999952316284	0.22499999403953552	0.4124999940395355	HoloPokemonFamilyId.V0147_FAMILY_DRATINI	25
148	122	170	152	HoloPokemonType.POKEMON_TYPE_DRAGON	HoloPokemonType.POKEMON_TYPE_NONE	0.07999999821186066	0.05999999865889549	0.375	1.125	0.28125	HoloPokemonMovementType.POKEMON_ENC_MOVEMENT_JUMP	8.0	1.25	23.0	cc01	0d3a52	cdcccc3fdaac2a3f6d56d53f0000004000000000000020400000004000000040	9501	HoloPokemonClass.POKEMON_CLASS_NORMAL	1	4.0	16.5	0.5	2.0625	HoloPokemonFamilyId.V0147_FAMILY_DRATINI	100
149	182	250	212	HoloPokemonType.POKEMON_TYPE_DRAGON	HoloPokemonType.POKEMON_TYPE_FLYING	0.03999999910593033	0.05000000074505806	0.41999998688697815	1.0499999523162842	0.24500000476837158	HoloPokemonMovementType.POKEMON_ENC_MOVEMENT_FLYING	3.0	1.0	8.0	cc01ef01	520e53	36ab2a40daac2a3f6d56d53f2653553f0000000036ab2a400000c03f0000c03f		HoloPokemonClass.POKEMON_CLASS_NORMAL	1	2.200000047683716	210.0	0.2750000059604645	26.25	HoloPokemonFamilyId.V0147_FAMILY_DRATINI	0
150	212	284	202	HoloPokemonType.POKEMON_TYPE_PSYCHIC	HoloPokemonType.POKEMON_TYPE_NONE	0.0	0.10000000149011612	0.3700000047683716	1.184000015258789	0.1850000023841858	HoloPokemonMovementType.POKEMON_ENC_MOVEMENT_JUMP	8.0	1.2000000476837158	3.0	e201eb01	6c460e	93a9aa3fdaac2a3f6d56d53f0000004000000000000000400000404000004040		HoloPokemonClass.POKEMON_CLASS_LEGENDARY	1	2.0	122.0	0.25	15.25	HoloPokemonFamilyId.V0150_FAMILY_MEWTWO	0
151	200	220	220	HoloPokemonType.POKEMON_TYPE_PSYCHIC	HoloPokemonType.POKEMON_TYPE_NONE	0.0	0.10000000149011612	0.14100000262260437	0.5640000104904175	0.17624999582767487	HoloPokemonMovementType.POKEMON_ENC_MOVEMENT_PSYCHIC	3.0	1.0	8.0	de01	7a1f6c524e5767740e	36ab2a40daac2a3f6d56d53fdaac2a3f0000000036ab2a406d56d53f00000040		HoloPokemonClass.POKEMON_CLASS_MYTHIC	1	0.4000000059604645	4.0	0.05000000074505806	0.5	HoloPokemonFamilyId.V0151_FAMILY_MEW	0
